word,PG
.NET framework,("dot net")
4'33",("four minutes, thirty-three seconds")
Aachen,("OCK-in")
Ab Urbe Condita,("ob OOR-bay con-DEE-tuh")
Abbasid,("aab-AA-sid")
Abbot Suger,("SOO-jair")
Abdullah Ocalan,("OTCH-uh-lahn")
Abdülmecid,("ahb-dool-METCH-eed")
Abe Masahiro,("AH-bay mah-sah-HEE-roh")
Abednego,("ah-BED-nuh-go")
abelian,("ah-BEE-lee-uhn")
Abidjan,("ah-BEE-jon")
Abiquiu,("AH-bih-kyoo")
Abraj Kudai,("ah-BROJ koo-DAI")
Abreu,("ah-BRAY-oo")
Abu Bakr,("AH-boo BEK-er")
Abu Simbel,("AA-boo SEEM-bel")
Abubakar Shekau,("SHEE-cow")
Abuja,("uh-BOO-juh")
acatalasia,("UH-cat-uh-LAHZ-ee-uh")
accent aigu,("ahk-SAHNT ah-GOO")
accompagnato,("ah-KOM-pahn-YAH-toh")
acetyl,("aa-SEE-tul")
acetylcholine,("aa-see-tul-KO-leen")
Achaemaenid,("uk-EYE-muh-nid")
Achaemenides,("OCK-uh-men-uh-deez")
acheiropoieta,("ack-eer-oh-poy-EY-tuh")
Achelous,("ASH-uh-LAOS")
Acheron,("ACK-uh-ron")
Achille,("ah-SHEEL")
Achille Lauro,("ah-KEE-lay")
Achilles,("uh-KIL-eez")
aconitase,("aa-CON-uh-tayz")
Acre,("AH-ker")
acrosomal,("AK-ruh-soh-mul")
acrosome,("AK-roh-sohm")
Actaeon,("AK-tee-uhn")
adagio lamentoso,("ah-DAH-jee-oh lah-men-TOH-soh")
Addis Ababa,("ah-DEES AH-ba-ba")
Adele,("uh-DEL")
Adele Bloch-Bauer,("ah-DEE-lee BLOK BOW-er")
adenine,("AA-deh-neen")
adhan,("azz-AHN")
adhvaryu,("ahd-VAR-yoo")
Admetus,("ad-MEET-us")
Adolphe Thiers,("TEERS")
Adowa,("AH-doh-ah")
Adrasteia,("a-DRAS-tee-uh")
Aeacus,("EE-uh-kuss")
Aeaea,("EYE-ee-uh")
Aeetes,("ai-EE-teez")
Aegean,("uh-JEE-un")
Aegeus,("EE-jee-us")
Aegir,("EY-jeer")
Aegisthus,("eye-JIS-thiss")
Aegospotami,("ee-goh-SPOH-tuh-mai")
Aelia,("eye-LEE-uh")
Aeneas,("eh-NEE-uhs")
Aeneid,("uh-NEE-id")
Aeolic,("ai-OH-lik")
Aeolus,("ee-OHL-iss")
Aequi,("EYE-kwee")
Aeschines,("ICE-kuh-neez")
Aeschylus,("ESK-uh-liss")
Aesir,("EY-seer")
Aetheling,("EIGHTH-ling")
Aethelred,("ETH-ul-red")
Aethelwulf,("AA-thul-wolf")
aether,("ether")
Aetius,("EYE-tee-uss")
afferent,("AH-fuh-rent")
affricates,("AFF-ruh-kits")
afikoman,("ah-fee-KOH-mun")
Afrikaans,("ah-free-KAHNZ")
Agamemnon,("ag-uh-MEM-nahn")
Aganippe,("AG-uh-nip-ee")
agape,("ah-GAP-ee")
Agariste,("ah-gar-IS-tay")
AGASA,("uh-GAH-sah")
Agesilaus,("aa-JESS-ee-LAY-us")
Agiad,("EY-jee-ad")
Agincourt,("AH-jin-cor")
agitato,("ah-gee-TAH-toh")
Agnus Dei,("AHG-nuss day")
agoge,("AH-goh-gay")
Agon,("AA-gohn")
Agra,("AH-grah")
Agricola,("aa-GRIK-oh-lah")
Agrippina,("ag-rip-EE-nuh")
Aguirre, the Wrath of God,("ah-GEE-ray")
Agulhas,("aa-GOOL-yas")
Agwe,("UG-way")
Ah taci, ingiusto core!,("ah TAH-cheen GOO-stoh COH-ray")
Ahaseurus,("AH-hosh-VAY-ros")
Ahasuerus,("ah-hahsh-VAIR-ohs")
ahimsa,("ah-HIM-suh")
Ahitophel,("ah-HIT-uh-fel")
Ahmadiyya,("akh-muh-DEE-uh")
Ahmed Kasuri,("koo-SOO-ree")
Ahmedinejad,("ah-mah-DIN-uh-jahd")
ahu,("AH-hoo")
Ahura Mazda,("AH-hoo-ruh mahz-DAH")
Aias,("AI-uhs")
Aida,("ai-EE-duh")
Ainu,("EYE-noo")
Aïr Mountains,("AI-eer")
airag,("EY-rik")
Aisha,("eye-EE-shuh")
Aix,("ex")
Aix-la-Chapelle,("EYE-lah-shah-PELL")
Akaky Akakievich,("uh-KAH-kee uh-kahk-YAY-vitch")
Akasaki,("AH-kuh-SAH-kee")
Akazu,("ah-KAH-zoo")
Akhenaten,("AH-ken-AH-ten")
Al Borak,("al-BAW-rak")
al-Azhar,("uh-ZAR")
al-ithnayn,("al-ith-NEIN")
al-Khidr,("ahl-kah-DEER")
Al-Shabab,("shuh-BOB")
Alamogordo,("AL-uh-muh-GORE-doh")
Alan Guth,("GOOTH")
Åland Islands,("OH-land")
Alanis,("ah-LAHN-eece")
Alberich,("AAL-beh-rik")
Albert Camus,("al-BAIR cah-MOO")
Albigensian,("AL-bij-EN-si-un")
Albizzi,("al-BEET-see")
Alboran,("ahl-boh-RAHN")
Albrecht von Wallenstein,("AL-bresht von VAHL-ensh-teen")
Alcázar,("ahl-CAH-zar")
Alceste,("al-SEST")
Alcestis,("all-CEST-is")
Alcibiades,("AAL-sib-ee-AH-deez")
Alcide De Gasperi,("AHL-chee-day")
Alcides,("al-SEE-dayz")
Alcindoro,("ahl-cheen-DOR-oh")
Alcinous,("al-KEE-no-uhs")
Alcippe,("al-KIP-ee")
Alcmene,("alk-MEE-nee")
Alcyone,("al-SEE-uh-nee")
aldosterone,("al-DOSS-ter-oan")
Alec Leamas,("LEE-mas")
Aleksander Kwaśniewski,("KWAZ-nee-EV-skee")
Alès,("ah-LAY")
Alesia,("aa-LEZ-ee-uh")
Alexander Dubček,("DOOB-check")
Alexander Herzen,("HURT-zen")
Alexis Tsipras,("TEE-pross")
Alfred Wegener,("VEG-uh-ner")
Algarve,("al-GARV")
Ali,("AH-lee")
Ali al-Nimr,("al-NAHM")
alif lam mim,("ah-LEEF lahm MEEM")
Alighieri,("ah-lig-YEH-ree")
aliphatic,("AL-uh-PATH-ick")
alkali,("AL-kuh-lai")
alkynes,("al-KINEZ")
Allanque,("awl-LAWN-kay")
alleles,("a-LEELZ")
allopatric,("AA-lo-PAT-rik")
Almaty,("aal-MAH-tee")
Almaviva,("ahl-mah-VEE-vah")
Alowatsakima,("ah-lo-wat-sa-KEE-mah")
Aloysius Lilius,("AA-loh-wish-us LIL-ee-us")
Also Sprach Zarathustra,("SHPRAHK")
Althing,("ALL-thing")
Altranstadt,("AHL-tronsh-tot")
Alvaro,("oo-REE-bay")
Alvaro Uribe,("ahl-VAH-roh oo-REE-ay")
alveoli,("al-vee-OH-lai")
Alxa,("AL-shuh")
Amalekites,("ah-MAA-leh-kites")
Amaltheia,("am-al-THEE-uh")
Amar Shonar Bangla,("ah-MAHR shoh-NAHR bahn-GLAH")
Amaterasu,("ah-MAH-ter-AH-soo")
Amazigh,("AA-muh-zig")
Amboise,("AM-bwah")
Ambrosia,("am-BROH-juh")
ameobocytes,("uh-MEE-boh-sites")
Amharic,("am-HAH-rik")
amine,("AA-meen")
aminoacyl,("uh-MEE-noh-EY-sil")
aminoglycoside,("aa-meen-ohg-lai-KO-side")
Amitabha,("ah-mee-TAH-buh")
Amneris,("ohm-NAY-rees")
Amontillado,("ah-mahn-tee-YAH-doh")
amour de soi,("aa-MOR day SWAH")
Amphictyonic,("am-FIK-tee-AH-nik")
Amphion,("AMF-ee-ahn")
Amphipolis,("am-FIP-oh-liss")
Amphitrite,("am-fit-RAI-tee")
Amphitryon,("am-FIH-tree-ahn")
Amritsar,("AHM-reet-sahr")
Amun,("AH-mun")
Amun-her-Khepeshef,("ah-mun-hair-KEP-esh-eff")
Anangu,("ah-NAHN-goo")
Ananias,("aa-nuh-NAI-us")
Ananke,("A-nan-kee")
Anansi,("ah-NAHN-see")
Anastasiades,("an-tass-EYE-uh-deez")
Anastasio,("ah-nas-TASS-ee-oh")
Anchises,("an-KAI-seez")
andabata,("on-duh-BAH-tuh")
andesitic,("AN-duh-SIT-ick")
Andraste,("ohn-DROST")
Andre Derain,("duh-RAIN")
Andrei Zhdanov,("juh-DON-off")
Andrés Núñez,("ohn-DRAYS NOON-yez")
Andrew Carnegie,("car-NAYG-ee")
Androgeus,("an-droh-JAY-uss")
Andromeda,("an-DRAHM-uh-duh")
aneuploidy,("AN-uh-ploy-dee")
Anfao,("an-FOW")
Angevin,("OHN-juh-vin")
angiosperm,("AN-jee-oh-sperm")
Angrboda,("anger-bode-uh")
animalcule,("aa-neh-MALK-yool")
Animas River,("AA-nim-us")
anion,("AN-eye-on")
anisotropy,("an-ICE-uh-trop-ee")
Anjou,("on-JOO")
ankh,("ONK")
Ankhesenamun,("ohn-kes-en-AH-mun")
Ankou,("ahn-koo")
Anna Sergeyevna,("SIR-gay-EV-nah")
Annwn,("ANoon")
Anopheles,("a-NAW-fuh-leez")
Ansar Dine,("dih-NAY")
Antaeus,("an-TEE-uhs")
antigen,("AN-tih-jen")
Antigone,("an-TIG-uh-nee")
Antigonid,("an-TIG-uh-nid")
Antikythera,("an-TEE-kuh-THEE-ruh")
Antilochus,("an-TIL-o-kuhs")
Antinous,("aan-TI-no-uhs")
Antiochus,("ann-tee-OH-kus")
Antiope,("AN-TY-oh-pee")
Antipas,("AN-tih-pus")
Antipater,("an-tee-PAY-ter")
antistrophe,("AN-tis-tro-fee")
Anton van Leeuwenhoek,("LAY-von-hoke")
Antoni Gaudí,("gow-DEE")
Antonín Dvořák,("dih-vor-JAHK")
Antonio Canova,("kuh-NOH-vuh")
Anu,("EY-noo")
Anubis,("uh-NOO-bis")
anucleated,("EY-nook-lee-ate-ed")
Anwar Awlaki,("ow-LAH-kee")
Anytus,("ah-NEE-tuss")
Aorangi,("ow-RONG-ee")
Aozou,("OW-zoo")
apatheia,("aa-paa-THAY-uh")
Apep,("EY-pep")
Aphakia,("uh-FAY-key-uh")
Aphrodite,("af-roh-DAI-tee")
Apollo,("aa-PAHL-oh")
apomixis,("ey-poh-MIX-is")
aponia,("a-POHN-ee-uh")
apoptosis,("EY-pop-TOH-siss")
Appian,("AH-pee-un")
aquaporin,("AH-kwah-por-in")
Aquidneck,("uh-KWID-neck")
arabesque,("AH-ruh-BESK")
Arabidopsis thaliana,("uh-RAB-uh-dop-sis")
Arachne,("aa-RAHK-nee")
aragonite,("ah-RAH-guh-nite")
Aranjuez,("aa-rahn-WEZ")
Arapesh,("aar-EY-pesh")
Archaeopteryx,("AR-kay-OP-ter-icks")
Archanes,("ar-KAY-neez")
Archelaus,("ar-keh-LAY-us")
Arcite,("ar-KEE-tay")
Arecibo,("AH-ruh-SEE-boh")
Arenal,("ah-ray-NAHL")
Areopagus,("AIR-ee-OP-ug-giss")
Arequipa,("ah-ray-KEE-pah")
Ares,("AIR-eez")
Arethusa,("ar-uh-THOO-zuh")
Arezzo,("ah-RET-zoh")
Argus Panoptes,("paa-NOP-teez")
Ariadne,("air-ee-AD-nee")
Aricia,("uh-REE-see-uh")
Ariel Sharon,("shah-ROHN")
Arioch,("ARR-ee-ahk")
Aristaeus,("aa-riss-TAY-uss")
Aristide,("AH-ress-teed")
Aristides,("ar-uh-STEE-deez")
Aristophanes,("ah-ruh-STAH-fuh-neez")
Aristotle,("AA-ris-tah-tul")
Arius,("AIR-ee-us")
Ariza,("ah-REET-zuh")
Arjuna,("ar-JOO-nuh")
Arkady Kirsanov,("ar-KAH-dee KEER-sah-noff")
Arles,("ARL")
Armageddon,("ahr-muh-GED-uhn")
Arnaldo Tamayo,("tuh-MY-oh")
Arnold of Brescia,("BREH-shuh")
aromatase,("ah-ROE-muh-tayz")
Arondight,("AH-ron-dit")
arquebus,("ARK-wuh-bus")
Arques,("ARK")
Arregui,("ah-rey-GWEE")
arrondissement,("ah-RON-diss-mont")
Artabanus,("ar-tah-BAA-noos")
Artaphernes,("ART-ah-fur-nayz")
Artaxerxes,("ARR-tuh-zerk-sees")
Artemesia,("ar-tem-EE-zee-uh")
Artemesium,("art-uh-ME-see-um")
Artemis,("AHR-tuh-mis")
Artemisium,("ar-tem-EE-zee-um")
Arthur Pigou,("pig-OO")
Arthur Schopenhauer,("SHOW-pen-HOW-ur")
Arthur Seyss-Inquart,("AR-toor zais IN-kart")
arynes,("AIR-eyenz")
Asaph,("ah-SAF")
Ascanius,("as-KAY-nee-us")
ASCII,("ASK-ee")
Asclepius,("as-KLEE-pee-uhs")
Asculum,("ASK-yuh-lum")
Ashanti,("uh-SHAHN-tee")
Ashoka,("ush-OH-kuh")
Ashura,("AH-shoo-ruh")
Ashurbanipal,("aa-sher-BAA-nee-pahl")
asiento,("ah-see-EN-toh")
Askia Muhammad,("as-KEE-uh")
Asnieres,("AHN-yair")
Asnières,("an-YAIR")
Aspasia,("ah-SPAH-zee-uh")
Assur,("ah-SOR")
Astana,("AA-stah-nah")
Astarte,("uh-STAHR-tee")
Astyanax,("as-TAI-a-naks")
Atahualpa,("aa-tuh-WAL-puh")
ataraxia,("at-uh-RACK-see-uh")
Aten,("AH-ten")
Athanasius,("ath-uh-NAY-shus")
Athena,("a-THEE-na")
Athenaeum,("AA-thuh-NAY-um")
atoll,("EY-tahl")
Atrebates,("at-reb-AH-teez")
Atreus,("AY-tree-uhs")
Au fond du temple saint,("oo FON doo TOM-pluh sahn")
Audhumbla,("ah-DOOM-bluh")
Augeas,("aw-JEE-uhs")
August Spies,("SPEES")
August von Kotzebue,("COT-suh-byoo")
Auguste Renoir,("oh-GOOST ren-WAH")
Auguste Rodin,("oh-GOOST roh-DAAN")
Augustin de Iturbide,("ee-tur-BID-ay")
Augusto Pinochet,("ow-GOOST-oh pin-oh-CHET")
Aung,("ONG")
Aunggaak,("AWN-gak")
Aureliano,("or-ray-lee-AH-no")
Ausautas,("OW-shaow-tas")
Ausgleich,("OWS-glike")
Ausonia,("aww-SOH-ni-uh")
Ausrine,("ow-SHRI-nay")
Austeja,("ow-STAY-jay")
auto-da-fé,("OW-toh-dah-FAY")
Autolycus,("AH-tow-LAI-kuss")
Automedon,("aw-TOM-id-on")
Automixis,("AWE-toh-MIKE-sis")
Autrimpas,("ow-TRIM-pas")
Av,("AHV")
Avalokiteshvara,("AH-weh-loh-kit-ESH-wah-rah")
Aventine,("AA-ven-tine")
Avignon,("AA-vin-yon")
Aviz,("ah-VEEZ")
Awami,("ah-WAH-mee")
Axumite,("AK-sum-ite")
Ayatollah Khomeini,("koh-may-NEE")
Aylan Kurdi,("alan")
ayllus,("EYE-ooz")
Aylmer,("ALE-mur")
Azande,("uh-ZAHN-day")
azeotrope,("AH-zee-oh-trope")
Azerbaijan,("AA-zur-bai-JON")
Azores,("ah-SOR-esh")
Azul,("ah-ZOOL")
Ba Xian,("bah-SHEE-en")
Baal,("BAY-uh")
Bab,("BOB")
Bab-el-Mandeb,("BAHB el mon-DEB")
Babes,("BAH-besh")
Babur,("BAH-bur")
Bacchus,("BAK-uhs")
bacilli,("bah-SEE-lee")
bacillus,("buh-SILL-uss")
Bad Wiessee,("BOD VEE-see")
Badinage,("bah-dee-NAHJ")
Badoura,("ba-DOO-rah")
Baetica,("BYE-tee-kuh")
Baeumer,("BOY-mair")
Bagatelle sans tonalité,("bah-gah-TELL sahn toh-nah-lee-TAY")
Bagher Ghalibaf,("bah-GEER GAH-lee-boff")
Bahadur,("teg BAH-hah-duur")
Bahia,("BAH-ee-uh")
Bahr al Jabal,("BAR ahl juh-BALL")
baiji,("BYE-jee")
Baikonur,("bai-kuh-NOOR")
Baja,("BAH-hah")
Bajazeth,("BAH-juh-zeth")
bakkie,("BAH-kee")
Balangiga,("BAH-lahn-GEE-guh")
Balkis,("BOL-kis")
Ballet Russes,("ROOS")
Balor,("buh-LOR")
Balthasar Giraud,("BAL-tah-sar JEE-roh")
banlieue,("bon-LOO")
Bannockburn,("BAH-nuk-burn")
baobab,("BAY-oh-bob")
Baobhan Sith,("BAA-van-shee")
Baozi,("BOUT-suh")
Barbara Karinska,("kuh-RIN-skuh")
Barbé-Marbois,("bar-BAY-mar-BWAH")
Barclay de Tolly,("bar-CLAI de TOHL-ee")
Barkhane,("BAR-hon")
Baron De La Warr,("Delaware")
Baron Haussmann,("oos-MAN")
Baron Samedi,("suh-MAY-dee")
Baroque,("bah-ROHK")
Barre,("bah-RAY")
Barrovian,("buh-ROVE-ee-an")
Bartolo,("BAR-toh-loh")
Bärwalde,("bair-VAHL-day")
basale,("bay-SAY-lee")
Bashar al-Assad,("bah-SHAHR al-aa-SAHD")
Basilio,("bah-SEE-lee-oh")
Basilisk,("BAZ-uh-lisk")
Batavia,("buh-TAY-vee-uh")
Batdambang,("BOT-dom-bong")
Batesian,("BAIT-see-en")
Batesian mimicry,("BAIT-see-en")
Battle of Ascalon,("ASK-uh-lon")
Battle of Bouvines,("boo-VEEN")
Battle of Cannae,("CAA-nai")
Battle of Carabobo,("cah-rah-BOH-boh")
Battle of Crécy,("CREH-see")
Battle of Ivry,("EEV-ree")
Battle of Kadesh,("kah-DESH")
Battle of Manzikert,("MAN-zeek-airt")
Battle of Oudenarde,("OW-deh-nar-day")
Battle of Pharsalus,("FAR-suh-less")
Battle of Ramillies,("RAH-meh-LEE")
Battle of Salamis,("sah-LAH-mees")
Battle of the Muthul,("moo-THOOL")
Battle of Tours,("TOOR")
Battle of Yarmouk,("YAHR-mowk")
Baucis,("BAO-kiss")
Baudelaire,("boh-duh-LAIR")
Baudouin,("bow-DWAN")
Baugi,("BOW-gee")
Bauhaus,("BAO-house")
Bay of Campeche,("cahm-PAY-chay")
Bayeux,("BAH-yoo")
Bayonne,("bay-OWN")
Bayreuth,("BUY-royt")
Bayterek,("bai-TER-ek")
Bazarov,("bah-ZAR-off")
bdelloid,("DEH-lloyd")
Bean Nighe,("ben-NEE-yeh")
Beate Gordon,("bay-AH-tay")
Bekbulatovich,("bek-boo-LAH-tov-itch")
Béla Kun,("BAY-lah koon")
Belisarius,("beh-lis-AIR-ee-us")
Bellerophon,("beh-LAIR-uh-fahn")
Belshazzar,("bell-shuh-ZAR")
Benazir Bhutto,("BEH-nah-zeer BUH-toh")
Benedetto Croce,("CROW-chay")
Benes,("BEN-esh")
Benoît Mandelbrot,("ben-WAH man-del-BRO")
Benue,("BEN-way")
Benvenuto Cellini,("ben-veh-NOO-toh cheh-LEE-nee")
Beqaa,("BEK-uh")
berceuse,("BARE-soo-zuh")
Bestuzhev,("BESS-too-shev")
Beta-lactamase,("LAK-tah-mayz")
Betelgeuse,("BEE-tuhl-jooz")
Bethe-Weizsacker,("BEET-uh VAYT-zahk-ehr")
Bezukhov,("beh-ZOOK-hoff")
Bhabha,("BAB-huh")
Bhagavad Gita,("BAH-gah-vahd GEE-tuh")
Bhindranwale,("BIN-drahn-WAH-lay")
Bibb Latané,("lah-tah-NAY")
bicuculline,("BUY-cook-YOU-lean")
Bilbao,("beelb-OW")
bildungsroman,("BIL-dungz-roh-mahn")
Bile,("BEE-leh")
Bindusara,("BIN-doo-SAH-ruh")
birefringent,("BYE-ruh-FRIN-jent")
Biscayan,("bis-CAY-en")
bituminous,("bye-TOO-muh-nus")
Bizet,("bee-ZAY")
Bjornsdottir,("BYORNZ-daughter")
Blaise Compaore,("com-POW-ray")
Blenheim,("BLEN-um")
Bliadhna nan Caorach,("blay-ODD-nah-nan-cow-ROCK")
blisibimod,("bleh-SEE-bee-mod")
Bloch,("block")
Blois,("BLOO-wah")
Boabdil,("BOH-ahb-dil")
Bodin,("bo-DON")
boeotarch,("BOH-ee-tark")
Boeotian,("bee-OH-shun")
Boethius,("BOY-thee-oos")
Bogotá,("boh-goh-TAH")
Bojador,("BOH-hah-dor")
Bojinka,("boh-JING-kuh")
Bolero,("boh-LAIR-oh")
Bolverk,("BUL-verk")
Bolzano-Weierstrass,("bowl-ZAHN-oh VIE-er-strahs")
bombero,("bom-BARE-oh")
bombesin,("bom-BAY-sin")
Bona Dea,("BOH-nuh-DAY-uh")
Boniface,("BAH-nee-fus")
Boreas,("BOHR-ee-uhs")
Borobudur,("BORE-uh-buh-door")
Borromeo,("bohr-oh-MAY-oh")
borse,("BOR-say")
Borte,("BOR-tay")
Börte,("bor-TEH")
Bossuet,("BUH-sway")
boteh,("boh-TEH")
Boudica,("BOO-dik-uh")
Bougival,("boh-gee-VAHL")
Bouguer,("boo-JAY")
Bouguereau,("bah-guh-ROH")
Bouillon,("bwee-YON")
Boulanger,("BOO-long-jay")
boule,("BOO-lee")
Boulogne,("boo-LOAN")
Bounkhong,("BOON-kong")
Bourges,("BORJ")
Bourget,("boor-JAY")
boustrephedon,("boo-STREF-uh-don")
Bouvines,("boo-VEEN")
Bowdoin,("BOW-dun")
Boyacá,("boy-uh-CAH")
Boyne,("BOIN")
Boyoma,("boy-OH-muh")
Braganza,("bruh-GAHN-zuh")
Bragi,("BRAY-gee")
Brahe,("BRAH-hay")
Brahmaputra,("BRAH-muh-POOT-ruh")
Braose,("browse")
Brasilia,("bruh-SEAL-ee-uh")
Bricriu,("BRYE-croo")
Briseis,("bri-SAY-is")
Brisingamen,("BRIS-en-gah-men")
bromination,("BRO-min-AY-shun")
bronchi,("bron-kye")
Bruges,("BROOJ")
Brunei,("broo-NEE")
Brynhildr,("BRIN-hild")
Bubastis,("byoo-BASS-tis")
bucentaur,("BYOO-sen-tar")
Bucentaure,("BYOO-sen-tar")
Buchenwald,("BOO-ken-vahld")
Buendia,("bwen-DEE-uh")
Bulawayo,("boo-lah-WAI-yo")
bunyip,("BUN-yip")
Burj Khalifa,("burj ha-LEE-fah")
Burschenschaften,("BUR-shen-shahf-ten")
Butes,("BYOO-tayz")
Butler Yeats,("yates")
Cabeiri,("cah-BARE-ee")
Cabinda,("cah-BIN-duh")
Cabiri,("kah-BEE-ri")
cadenza,("cuh-DEN-zuh")
Cader Idris,("KAD-er-ID-ris")
Cadiz,("cuh-DEEZ")
caduceus,("cuh-DOO-siss")
Caeneus,("KAY-nee-uss")
Cahokia,("cah-HOH-kee-uh")
Cajamarca,("cah-hah-MAR-kuh")
Calais,("cah-LAY")
calcareous,("CAL-suh-riss")
Calchas,("KAL-kuhs")
calculi,("cahl-COO-lee")
Caliburn,("KAL-ib-oyn")
Calle,("KAI-yay")
called Udasis,("oo-DAH-sees")
Calles,("KAI-ace")
Calliope,("cuh-LIE-oh-pee")
Callisto,("kuh-LIS-toh")
calve,("KAHV")
Calvert Vaux,("VOX")
Calypso,("ka-LIP-so")
Cambyses,("cam-BYE-sees")
Camembert,("KAH-men-bear")
Camille Saint-Saëns,("cah-MEEL san-SONS")
Camlann,("KAM-lan")
cAMP,("CAMP")
Campeche,("cahm-PAY-chay")
Camulodunum,("cah-moo-LOH-doo-num")
Canaanite,("CAY-nuh-nite")
candela,("can-DEL-uh")
Caney,("cuh-NAY")
Canio,("CAH-nee-oh")
cantilevered,("CAN-tuh-lee-vurd")
Canto General,("KAHN-toh hen-er-ALL")
canut,("cah-NOO")
canzonetta,("CAN-soh-NEE-tuh")
Canzoniere,("can-zohn-YAIR-ey")
Cape Verde,("VAIR-day")
capoeira,("kah-poh-AIR-ah")
Capriccio,("kuh-PRE-chee-oh")
Caprivi,("cah-PREE-vee")
capulcu,,("cah-POOL-choo")
carabinieri,("kar-uh-bin-YAIR-ee")
Caratacus,("cah-RAH-tah-cus")
Caravaggio,("cah-rah-VAH-jee-oh")
carbonyl,("car-buh-NEEL")
carcinogen,("car-SIN-oh-jin")
carcinogenic,("CAR-sin-oh-JEN-ik")
carcinoma,("car-sih-NO-muh")
Carcinus,("car-KEEN-us")
cardón,("car-DOHN")
Cariocas,("cah-ree-AHK-ush")
Carl Czerny,("CHURN-ee")
Carl Jung,("YUNG")
Carl Sagan,("SAY-gahn")
carmagnole,("CAH-ruh-mon-YO-luh")
Carmen Saeculare,("sek-you-LAR-ay")
Carmina Burana,("car-MEE-nuh boo-RAH-nah")
Carneades,("car-NAY-uh-deez")
Carnegie Hall,("CAR-neh-gee")
Carneia,("car-NAY-uh")
Carolus Clusius,("cah-ROHL-us CLOO-si-us")
Carrhae,("carry")
Cartagena,("CAR-tuh-HAY-nuh")
carte de visite,("CART doo VEE-zeet")
Cartesian,("car-TEASE-ee-un")
Casa Rosada,("CAH-sah roh-SAH-dah")
Cassandra,("kuh-SAN-druh")
Cassiopeia,("kas-ee-oh-PEE-uh")
Castillo,("cah-STEE-yo")
Castlereagh,("CASS-ul-ray")
casu marzu,("CAHT-soo MAHRT-soo")
Çatal,("KAT-all")
catalase,("CAT-uh-layz")
Cataluanian Plains,("caa-taa-LAO-nee-en")
Cateau-Cambresis,("CAH-toe-cahm-BRAY-sis")
catecholamine,("CAT-uh-COAL-uh-meen")
cation,("CAT-eye-on")
catorce,("cah-TOR-say")
Cauchy,("COW-shay")
caudillo,("cow-DEE-yo")
caudillos,("cow-DEE-ohs")
Caurte,("cah-OR-tay")
Causarum Cognitio,("cog-NIT-ee-oh")
ce,("SUH")
Cecrops,("SEE-krahps")
Cedalion,("keh-DALE-yun")
celesta,("chuh-LESS-tuh")
Celimene,("sell-ih-MAIN")
Centauromachy,("sen-tar-AH-muh-kee")
cephalopod,("SEFF-uh-lo-pod")
Cephalus,("SEF-uh-luhs")
Cepheid,("SEF-ee-id")
Cerberus,("SUR-bur-uhs")
Cercanias,("ser-cah-NEE-ahs")
cerebrum,("suh-REEB-rum")
Cerenkov,("CHAIR-ank-off")
Ceres,("SEER-eez")
Ceridwen,("kir-RID-wen")
Cesare,("CHAY-sah-ray")
Cesare Beccaria,("CHAY-sah-ray beh-kah-REE-ah")
Cesme,("CHESH-may")
Ceto,("SEE-toh")
Cetshwayo,("set-SHWAH-yo")
Cetus,("SEE-tus")
Ceuta,("say-OO-tah")
Ceylon,("se-LAHN")
Ceyx,("SEE-iks")
Chabad,("huh-BOD")
Chaerea,("kye-RAY-uh")
Chaeronea,("CARE-oh-NAY-uh")
Chalcedon,("KAL-suh-don")
Chalons,("cha-LOON")
Chambre l'Edit,("SHOMB-breh del-EE-deet")
Chambri,("cham-BREE")
Champoeg,("sham-POO-ee")
Champollion,("sham-POL-ee-on")
Champs-Elysees,("SHAMP elise")
Chanakya,("chuh-NOK-yuh")
chancres,("CAIN-kerz")
Chandigarh,("chan-DEE-gar")
Chandragupta,("CHAHN-druh-GOOP-tuh")
Chandrasekhar,("chohn-druh-shay-KAR")
Chaos,("KAY-ahs")
Chappaquiddick,("chah-puh-KWID-ick")
Charles Baudelaire,("boh-duh-LAIR")
Charles d'Albret,("dal-BRAY")
Charles Guiteau,("guh-TOE")
Charles Sanders Peirce,("PURSE")
Charles-Louis Hanon,("HOH-nun")
Charon,("Sharon")
Charon,("CARE-un")
Chartres,("SHAH-urt")
Charybdis,("kar-IB-dis")
Chateau d’If,("sha-TOE deef")
Chaturthi,("veen-EYE-ak cha-TOOR-tee")
Chaumareys,("shah-muh-RAY")
che gelida manina,("kay JAH-lee-duh mah-NEE-nuh")
Cheilon,("KYE-lon")
Cheka,("chih-KAH")
Chellini,("chu-LEE-nee")
Chelone,("keh-LOE-nee")
chemiosmotic,("KIM-eye-oz-motic")
chemotaxis,("kee-moh-TAK-sis")
Chenab,("che-NAAB")
cherub,("CHER-ub")
chevre,("SHEH-veh-ruh")
chi,("KAI")
Chiarina,("kee-ah-REE-nuh")
chiaroscuro,("kee-ah-ruhs-KYOO-roh")
chiasmata,("kahy-az-MAH-tah")
Chibok,("CHIH-bok")
chifa,("CHEE-fah")
Childe Harold,("child")
Childeric,("SHEEL-der-ik")
Chimborazo,("cheem-boh-RAHT-soh")
Chimurenga,("shim-uh-RAIN-guh")
Chingachgook,("chin-GOTCH-GUK")
Chinon,("shih-NAHN")
Chinua Achebe,("CHIN-wah uh-CHAY-bay")
Chioggia,("kee-OH-juh")
Chione,("HO-nay")
Chios,("CHEE-ohs")
Chippenham,("CHIP-un-um")
Chiron,("KAI-ron")
chitin,("KITE-in")
Chittagong,("CHIT-uh-gong")
Chloroplasts,("KLORE-oh-plasts")
choanocyte,("co-ANN-oh-site")
choanoderm,("koh-AN-uh-derm")
cholecalciferol,("COH-luh-cal-SIF-eh-rahl")
cholent,("HO-lent")
Cholly,("CHA-lee")
Chongqing,("chong-ching")
Chopin,("shop-ANN")
Chordae,("COR-dee")
Chorillo,("cho-REE-yoh")
chorionic,("cor-ee-ON-ik")
Choson,("JOH-sun")
Christian Huygens,("HOY-gens")
Christiania,("kris-TAIN-yuh")
Christoffel,("kri-STAH-ful")
chromatin,("KROH-muh-tin")
Chrysaor,("chris-EY-or")
Chuikov,("chuh-WEE-kov")
Chuka,("CHOO-kuh")
Chun Doo-hwan,("doo-WON")
chuppah,("HOO-puh")
chyme,("KIME")
Ciappelletto,("CHEE-uh-PUH-let-oh")
Cibalae,("KEE-bahl-eye")
cichlids,("SICK-lids")
Cieszyn,("SEE-zin")
Cighid,("chi-GID")
Cilicia,("suh-LEE-see-uh")
Cimon,("KYE-mon")
Cio-Cio San,("cho cho SAHN")
Ciompi,("chee-OHM-pee")
Cipactli,("see-PACT-lee")
circadian,("sir-KAY-dee-un")
Circe,("SIR-see")
cirrhosis,("sih-ROE-sus")
cis,("sis")
cisternae,("sis-TUR-nee")
cithara,("KITH-uh-ruh")
Citizen Genet,("jeh-NAY")
Ciudad Juarez,("SEE-oo-dod WAH-rez")
Cixi,("SEE-shee")
Clair de lune,("CLAIR doo loon")
Clara Wieck,("VEEK")
Claude Monet,("clud moh-NAY")
clavier,("cluh-VEER")
Cleante,("CLEE-ont")
Cleanthes,("klee-AN-thees")
Cleisthenes,("CLICE-thuh-neez")
Clément Barbot,("CLAY-ment BAR-boh")
Clericis Laicos,("KLER-i-sis LAI-kos")
Clijsters,("CLAI-sters")
Cliodhna,("CLEE-nuh")
Cloacina,("cloh-ah-KEE-nuh")
Clongowes,("CLAHN-gows")
Clouet,("cloo-EY")
Clytemnestra,("KLAI-tem-NESS-truh")
Coatlicue,("coh-aht-LEE-coo-eh")
Cocalus,("coh-CAL-us")
coccus,("caucus")
Cochise,("coh-CHEEZ")
cochlea,("COH-klee-uh")
coelacanth,("SEE-luh-canth")
Coligny,("coh-lee-NEE")
Collazo,("coy-AH-zoh")
Colonia Navarte,("nah-VAR-tay")
Colonus,("cuh-LOH-nus")
commedia dell’arte,("cuh-MAY-dee-uh-del-ART-ey")
commensalism,("cuh-MEN-suh-liz-m")
Commodus,("CAH-moh-dus")
Compeyson,("COM-pee-sun")
Compiegne,("comp-YEN")
Concepción,("con-sep-see-OHN")
concerti,("con-CHAIR-tee")
Concierto de Aranjuez,("kawn-THAIR-toh day-rahn-WEZ")
Confutatis,("cohn-foo-TAH-tiss")
Conjectandi,("con-yek-TAHN-dee")
conquistador,("con-KEES-tuh-dor")
Constantin Stanislavski,("STAN-is-LAV-skee")
Consuela Castillo,("cas-TEE-oh")
contrapuntal,("con-truh-PUNT-ul")
copra,("COH-pruh")
coquí,("coh-KEE")
Cordillera,("cord-ee-YAIR-uh")
Cordoba,("CORE-doh-buh")
Cornelius Vermuyden,("vair-MOY-din")
Corunna,("coh-ROO-nah")
corvi,("COR-wee")
corynebacterium,("kuh-RIN-uh-back-TEER-ee-um")
Cos,("CAHS")
Cosimo,("CAH-suh-moh")
Cossack,("CAH-sak")
Cotopaxi,("koh-tuh-PAK-see")
Count Poniatowski,("POWN-ee-uh-TOW-skee")
Countess Markievicz,("MARK-uh-vitch")
Cournot,("coor-NO")
Covode,("cuhv-ODE")
Coxinga,("cok-SING-uh")
Coyolxauhqui,("coh-yohl-SHAO-kee")
Coyotito,("co-yo-TEE-toh")
creatinine,("cree-AT-uh-neen")
Crédit Mobilier,("mo-BEEL-yay")
crepuscular,("cruh-PUSK-yuh-lur")
Cressida,("CRESS-id-ah")
Creusa,("cray-OO-suh")
Creutzfeld-Jakob,("KROITS-feld YA-cup")
cri du chat,("CREE do sha")
criollos,("cree-OH-yohs")
Crito,("CRY-toh")
Croesus,("croh-EE-suss")
Crom Cruach,("crom-CROO-ach")
Cronus,("KROH-nuhs")
cryolite,("CRYE-oh-lite")
cryptococcal,("crip-toh-CAH-kul")
Csanad,("ZAHN-ad")
csardas,("CHAR-dosh")
cubewanos,("kyoo-bee-WUN-ohz")
Cuchulainn,("koo-HULL-in")
Culhwch,("CULL-witch")
Cumaean,("kew-MAY-un")
Cumbre Vieja,("KOOM-bray vee-EY-hah")
Cunaxa,("coo-NOCK-suh")
Cunegonde,("coo-nay-GOND")
cuneiform,("kyoo-NAY-if-orm")
Cunha,("COON-yuh")
curacas,("coo-RAHK-uzz")
Curetes,("CURE-uh-tayz")
Curiatii,("COO-ree-AH-tee-ee")
Curutchet,("coo-roo-SHAY")
Curzola,("curt-ZOH-luh")
Cuzco,("COOZ-coh")
cyanine,("SIGH-uh-neen")
Cybele,("SIB-uh-lee")
Cyclades,("SICK-luh-dees")
cyclohexane,("SIKE-lo-HECKS-ain")
cyclopentadienyl,("SIKE-lo-pent-uh-die-EE-nul")
Cylleneius,("si-LEH-nee-uhs")
Cynaegirus,("kin-ai-GEER-us")
Cyrenaica,("sai-reh-NAY-eh-kuh")
Cythera,("KITH-uh-ruh")
cytochrome,("SAI-toh-krohm")
cytokinesis,("sai-toh-kih-NEE-sis")
cytomegalovirus,("SAI-toh-MEG-uh-loh-virus")
cytosol,("SAI-tuh-sahl")
cytotoxic,("sai-toh-TOK-sik")
Czernowitz,("CHAIR-no-wits")
Czesława Kwoka,("chess-WAH-vah kuh-VOH-kuh")
d’Angers,("don-JAIR")
Daedalus,("DAY-duh-lus")
Dafydd Gam,("DAH-vid gahm")
Dag Hammarskjold,("HAM-arr-skold")
Dagestan,("DAH-guh-stahn")
Daigo Fukuryu Maru,("dah-EE-go foo-COR-yoo MAH-roo")
Dakar,("dah-CAR")
Dakshinayan,("dakh-SHIN-nay-un")
Dale Chihuly,("chih-HOO-lee")
Damaturu,("dah-mah-TOUR-oo")
Damballa,("dum-BALL-uh")
Damis,("dah-MEE")
damyata,("dahm-YAH-tuh")
Danae,("DAH-nay")
Danaus,("DAN-ey-uhs")
Danelaw,("DAIN-law")
Daniel Inouye,("ih-NO-ay")
Daniel-Henry Kahnweiler,("dan-YEL on-REE kan-WAI-ler")
Danorum,("GAY-stuh day-NO-rum")
Danse Macabre,("DONS muh-COB")
Danu,("DAH-noo")
danzantes,("donth-ONT-ayz")
Dar es Salaam,("DAAR-es-sah-LAHM")
Darius,("dah-RAI-us")
Darjeeling,("dar-JEE-ling")
Darlan,("dar-LAHN")
dasein,("DAH-sine")
Datis,("DA-tees")
datta,("DAH-tah")
Davao,("DAA-vow")
David Kepesh,("kuh-PESH")
David Siqueiros,("see-KAY-rohs")
Davout,("dah-VOO")
dayadhvam,("DYE-ahd-vahm")
Dazbog,("DAJ-bog")
de Godoy,("go-DOY")
de Montfaucon,("mont-fah-COHN")
De Oratore,("or-ah-TOR-ey")
De Stijl,("doo STAI-ul")
de Tourville,("tur-VEE")
deaminates,("dee-AM-in-ates")
Debye,("DEH-buy")
Decebalus,("deh-keh-BAA-lus")
Dedekind,("DEY-di-kind")
Dehmel,("DEM-ell")
Dehuai,("pung deh-WHY")
Deianeira,("dai-eh-NAH-ruh")
Deianira,("DAI-uh-NAH-ruh")
deicide,("DAY-uh-side")
Deir el-Bahari,("ah-DEER-el-BA-ha-ree")
Dejima,("deh-jee-MAH")
Delacorte,("DEH-lah-cort")
Demea,("duh-ME-uh")
Demeter,("dih-MEE-tur")
Demigra,("duh-MEE-gruh")
Demogorgon,("deh-moh-GOR-gon")
Demosthenes,("deh-MAHS-thuh-neez")
Denali,("duh-NAH-lee")
dendrite,("DEN-drite")
Deng Xiaoping,("DUNG shao-PENG")
Denkyira,("DEN-keer-uh")
Dennis Farina,("fah-REE-nuh")
Denpasar,("den-PAH-sar")
der Abschied,("dare AAB-sheet")
Der Blaue Reiter,("dayr BLAO RAI-tur")
Der Erlkönig,("AIRL-kah-nig")
Der Holle Rache,("dare HAH-luh ROCK-uh")
desaparecidos,("des-ah-pah-ray-SEE-dohs")
descamisados,("DESS-cah-mee-SAH-dose")
Dessau,("DESS-ow")
detente,("day-TONT")
Deucalion,("doo-KALE-yun")
deuterium,("dew-TEER-ee-um")
Deutschland über alles,("DOYTCH-lond oo-ber AH-less")
Deutschmark,("DOYTCH-mark")
Devanagari,("deh-vuh-NAH-gah-ree")
devsirme,("dev-SHEERM-uh")
Di-cang,("DEE-zang")
diachronic,("dahy-uh-KRON-ik")
diastole,("di-AA-stoh-lee")
diazotroph,("dai-AZ-oh-trohf")
dicot,("DAI-kot")
Dido,("DAI-doh")
Die Fledermaus,("dee FLEE-dair-mouse")
Die Forelle,("dee fuh-REL")
Diego Velázquez,("vay-LAHS-kayz")
Dieppe,("dee-EP")
diet,("DEET")
Dietrich Buxtehude,("BUCKS-tuh-ood")
Dilma Rousseff,("JIL-muh roo-SEFF")
Dimste,("DIM-stay")
Dine,("DEE-nay")
Dingane,("din-GAH-nay")
Diodotus,("DYE-uh-DOH-tuss")
diolkos,("dee-OHL-kos")
Diomedes,("dai-AH-med-eez")
Dionysus,("dai-uh-NAI-suhs")
dioptres,("DYE-op-terz")
Dioscuri,("dye-usk-YOO-ree")
Diotallevi,("dee-oh-tah-LAY-vee")
Dirichlet,("dee-reesh-LAY")
Disquisitiones Arithmeticae,("DIS-kwiz-it-ee-OH-neyz ah-rith-MEH-tik-eye")
Divertimento,("dih-vur-tuh-MEN-toh")
divertissement,("dee-VUR-tees-mon")
Djenné,("jeh-NEE")
Djinguereber,("JING-uh-ray-bare")
Dmitri Shostakovich,("SHAHS-tuh-KOH-vich")
Dmitry Mendeleev,("men-duh-LAY-yev")
Dnieper,("NEH-pur")
Dodona,("doh-DOH-nuh")
doge,("DOHJ")
dolichol,("doll-EE-cole")
Domesday Book,("doomsday")
Domitian,("doh-MIT-ee-an")
Don Juan,("JOO-un")
Don Quixote,("kee-HOH-tay")
Dona nobis pacem,("DOH-nah NOH-bis PAH-chem")
Donald Barthelme,("BAR-tel-may")
Dordogne,("dor-DOHN")
Dorothea Lange,("LANG")
Douglas Mwonzora,("muh-wun-ZOR-uh")
Doune,("DOON")
drachma,("DRAAK-muh")
Draupadi,("droh-POW-dee")
Drogheda,("DRUH-heh-duh")
dromos,("DROH-mohs")
Drosophila,("drohw-SOF-uh-luh")
Dry Salvages,("sal-VAY-jes")
Dry Tortugas,("tor-TOO-guz")
Duarte,("DWAR-tay")
Dubcek,("DOOB-check")
Duce,("DOO-chay")
Duke of Guise,("GEEZ")
Dukhobors,("DOO-koh-borez")
dukkha,("DOO-kuh")
Dulce,("DOOL-kay")
Dulcinea,("dool-suh-NAY-uh")
Dulcinea del Toboso,("dull-sih-NAY-uh dell tuh-BOH-so")
Dungan,("doon-GAHN")
Duns Scotus,("SKOH-tuss")
duodenum,("doo-ODD-en-um")
Duquesne,("doo-KANE")
Durandal,("DUR-un-doll")
Durazzo,("doo-RAHT-soh")
Durdhara,("dur-DAH-ruh")
Durrës,("DUR-iss")
Duvalier,("doo-VAH-lee-ey")
Dyaus Pita,("dowse-PEE-ta")
Dyavaprthivi,("day-va-PRIT-hee-vee")
Dziga,("JEE-guh")
Dzongkha,("JONG-kah")
E lucevan le stelle,("ay loo-CHAY-vahn luh STEL-ay")
Ea,("EY-ah")
Earnaness,("ER-nuh-ness")
Ebó,("eh-BOH")
Ecclesiastes,("ek-lee-zee-AA-steez")
Echidna,("ee-KID-nah")
echinocandin,("ek-EYE-no-CAN-din")
eclogue,("EK-log")
Edgar Dijktsra,("DIKE-struh")
Edgar Fonseca,("fon-SAY-kuh")
Edgard Varèse,("vah-RAZE")
Edgecumbe,("EJ-com")
Edict of Nantes,("NONT")
Edmond Halley,("HAY-lee")
Edouard Manet,("EY-dwar MAH-nay")
Edvard Grieg,("greeg")
Edvard Munch,("ad-VARD MOONK")
Eero Saarinen,("EE-roh SAH-reh-nen")
egalite,("eeg-al-uh-TAY")
Egeria,("ee-JIR-ee-uh")
Egon Schiele,("EY-gon SHEE-leh")
Ehecatl,("eh-heh-COT-ul")
Ehud,("eh-HOOD")
Eid al-Fitr,("EED al-FID-ur")
Eike,("AI-kee")
Eine Kleine Nachtmusik,("AI-nuh KLAI-nuh nokt-MOO-sik")
Eisenstein,("AIZ-ensh-tine")
Eixample,("eye-HAHM-play")
ejidos,("eh-HEE-dohs")
Ek,("ICK")
ekamanganese,("EK-uh-main-guh-neez")
ekasilicon,("EK-uh-sil-uh-con")
El Alamein,("AH-luh-meen")
El Escorial,("esk-ore-ee-AHL")
El Yunque,("YOON-kay")
Elaine of Corbenic,("cor-BEN-ic")
elaiosomes,("EH-lie-oh-zomes")
Elara,("ee-LAH-ruh")
Electra,("ee-LEK-truh")
Elie Wiesel,("ELL-ee vee-ZELL")
Elihu,("ee-LEE-hoo")
Eliphaz,("eh-leh-FAAZ")
Elmire,("el-MEER")
embryogenesis,("EMB-ree-oh-JEN-uh-siss")
Émile Ollivier,("oh-LIV-ee-ay")
Emilio Aguinaldo,("ah-wee-NAHL-doh")
Emilio Mola,("MOH-lah")
Emin Pasha,("eh-MEEN PAH-shah")
Emmanuel Leutze,("LOYT-suh")
Empedocles,("emp-ED-oh-cleez")
Ems,("EMSS")
Enceladus,("en-SELL-ah-dus")
encephalopathy,("en-sef-uh-LOP-uh-thee")
Enchiridion,("en-kai-RID-ee-en")
endosymbiotic,("END-oh-sim-bee-AH-tik")
Endymion,("en-DIM-ee-on")
Enguerrand,("UN-gur-and")
Enjolras,("en-YULL-rahs")
Enkidu,("EN-kee-doo")
Enobarbus,("en-oh-BAR-bus")
Enrico Dandolo,("DAN-doh-loh")
Enrique Capriles,("en-REE-kay cah-PREE-lace")
Enrique Peña Nieto,("en-REE-kay PAIN-yuh nee-EY-toh")
Ensenada,("ehn-seh-NAH-dah")
Entebbe,("en-TEB-ee")
enterochromaffin,("en-TARE-oh-kroh-MAFF-in")
enucleated,("eh-NOO-clee-ate-ed")
enveloppe,("AHNV-lop")
Enver Hoxha,("en-VAIR HOH-juh")
Eopsin,("UP-shin")
Eos,("EE-ahs")
Eotvos,("ET-vish")
Eötvös,("YOT-vosh")
Epaminondas,("EPP-uh-min-NON-dus")
Epeius,("ehp-EY-us")
Ephialtes,("eff-ee-AHl-teez")
ephor,("EE-for")
Ephraim,("eff-RAI-im")
Epicoene,("EP-ih-seen")
epicondyle,("EH-puh-CON-di-al")
Epictetus,("eh-pik-TAY-tus")
Epimetheus,("ep-ee-MEE-thee-us")
Epirus,("EHP-uh-rus")
epistasis,("eh-pih-STAY-sis")
epistemes,("EP-iss-teemz")
epistemic,("EHP-eh-STEM-ik")
Epistolae Familiares,("eh-PIST-uh-lie fuh-mill-ee-AR-ays")
Epodes,("EHP-ohdz")
Eratosthenes of Cyrene,("air-uh-TOSS-thuh-neez of KEER-een-ee")
Erawan,("eh-ruh-WAHN")
Erebus,("AIR-ih-buhs")
Erechtheion,("er-EK-thee-ahn")
Erechtheus,("eer-EK-thee-uhs")
erhu,("AIR-hoo")
erhua,("AIR-wah")
Erichthonius,("eh-rek-THAW-ness")
Eris,("EE-ris")
Erlik,("ur-LICK")
ermine,("ER-min")
Ernesto Zedillo,("zay-DEE-oh")
Eros,("AIR-ohs")
Erymanthian,("eh-rim-ANTH-ee-an")
Eryon,("AIR-yon")
Eryximachus,("eh-rick-SIM-uh-kiss")
Escamillo,("es-cah-MEE-yo")
Espíritu Pampa,("es-PEE-ree-too PAHM-pah")
Estado Novo,("ey-STAH-doh NOH-voh")
estradiol,("est-ruh-DAI-ol")
Étienne Falconet,("EHT-yen FAAL-coh-nay")
Etienne Lantier,("EH-tee-ehn LOHN-tee-ey")
Eton,("EE-ton")
être,("AH-tur")
etude,("EY-tood")
Eucharist,("YOO-kuh-rist")
Euclidean,("yoo-KLID-ee-un")
Eudes,("YOO-dayz")
Eugene Delacroix,("deh-luh-CWAH")
Eugene Dubois,("doo-BWAH")
Eugene Onegin,("oh-NAY-gin")
Eugene Viollet-le-Duc,("vee-ah-LAY la DOO-ik")
eukaryote,("yoo-CAA-ree-oht")
Euler,("OI-ler")
Euler-Mascheroni,("OY-lur mash-uh-ROH-nee")
Eumenides,("yoo-MEN-uh-deez")
Eunomia,("yoo-NOME-ee-uh")
Eupatrid,("yoo-PAT-rid")
Euphrosyne,("yoo-FRAHZ-ih-nee")
Euripides,("yur-IP-uh-deez")
Europa,("yur-OH-puh")
Euryale,("yur-ee-AH-lay")
Eurybiades,("your-EE-bee-AH-deez")
Eurycleia,("yur-uh-CALY-uh")
Eurydice,("yur-ID-uh-see")
Eurynome,("yoo-RIN-ah-mee")
Eurypontid,("yur-uh-PON-tid")
Eurystheus,("yur-IS-thee-us")
Eurytion,("yur-IT-ee-ahn")
Eusebius,("yoo-SAY-bee-uss")
Eustace,("YOOS-tuss")
eutherian,("yooth-EER-ee-an")
Evita Duarte,("ey-VEE-tuh DWAR-tay")
excipients,("eck-SIP-ee-ents")
exergonicity,("ek-SER-go-NIH-city")
exophthalmos,("ehk-sof-THAL-muss")
Exsurge Domine,("ex-OR-jay DOH-mee-nay")
f/64,("eff sixty-four")
facies,("FAH-sheez")
Faehmel,("FAY-mel")
Fafnir,("FAHV-neer")
Faillace,("fye-LAH-chay")
Faisalabad,("FAI-sah-lah-bod")
fajr,("FAH-jur")
Falange,("fah-LAHN-hay")
falciparum,("fal-SIH-pa-rum")
Falcone,("fal-COH-nee")
Fallschirmjager,("FAL-shyam-YAY-ger")
Fantaisie,("fahn-tuh-ZEE")
Fariskur,("FAH-riss-kor")
Farnese,("far-NAY-zee")
fasces,("FAH-shayz")
fasciculus,("fass-IK-yoo-lus")
fascines,("fah-SEENZ")
Fashoda,("fuh-SHOW-duh")
Fatimid,("faa-TIM-id")
Fauns,("fawn")
Faunus,("FAWN-uhs")
Fauvist,("FOE-vist")
favela,("fah-VEH-luh")
Faxian,("fah shee-AHN")
Felis,("FEE-lis")
Felix Feneon,("feh-LEEKS feh-nee-OHN")
Fenechka,("fuh-NESH-kuh")
Fenrir,("FEN-reer")
Feodor,("FEE-oh-dor")
Ferdinand de Lesseps,("FAIR-dee-NAHN day less-EPS")
Ferdinand de Saussure,("soh-SEER")
Ferenc Deak,("DAY-ock")
Fermina Daza,("fair-MEE-nah DAHT-zuh")
Fernande de Olivier,("FER-nond de oh-LIV-ey")
Feux Follets,("FO fo-LAY")
Fianna Fáil,("FEE-aa-nuh FOY-ul")
Fiat Lux,("FEE-aht LUCKS")
fibrin,("FAI-brin")
fibrinogen,("fai-BRIN-uh-jin")
Fidesz,("FEE-dess")
Fijian,("FEE-jee-an")
Filiki Eteria,("FIH-lee-ah-HARE-ee-uh")
filioque,("FIL-ee-AH-kwuh")
fin de siècle,("fin duh see-AY-kluh")
Finn Mac Cumhail,("fee-OHN muh-COOL")
Finno-Ugric,("OO-grik")
Fionn mac Cumhaill,("fee-OHN muh-COOL")
Fionnuala,("FINN-oo-lah")
fiqh,("fick")
flagellated,("FLAA-juh-lay-ted")
Flavius Aetius,("eye-EE-tee-us")
Flers-Courcelette,("FLEH coo-suh-LET")
Florentino Ariza,("floor-en-TEE-no ah-REET-zuh")
Florestan,("FLUH-ree-stan")
fludeoxyglucose,("FLOO-de-ox-ee-GLOO-cos")
flyting,("FLIT-ing")
Fmet,("F-met")
Foday Sankoh,("FOH-day SAAN-koh")
folic,("FOH-lik")
Folies Bergère,("FOH-lee bair-JAIR")
Folkestone,("FOLK-stun")
Fontainebleau,("FAHN-ten-blow")
foramen,("for-EY-men")
Force Publique,("fors poob-LEEK")
Forestier,("for-ES-tee-ay")
Formosa,("for-MOH-sah")
Fouche,("FOOSH")
Francesco del Giocondo,("fran-CHESS-koh del joh-KAHN-doh")
Francois,("fran-SWAH")
François Couperin,("FRANCE-wah KOO-puh-RENG")
François Duvalier,("fron-SWAH doo-vahl-YAY")
François Ravaillac,("fron-SWAH RAH-vee-yok")
François Villon,("vee-OWN")
FrankerZ,("FRAN-ker ZEE")
Frans Banning Cocq,("COAK")
Frasquita,("frah-SKEE-tah")
fraternite,("frat-ur-nah-TAY")
Freddo ed immobile,("FREH-doh ed ee-MOH-bee-lay")
Frege,("FRAY-guh")
Freischütz,("FRY-shoots")
Fresnel,("fray-NEL")
Frey,("FRAY")
Freya,("FRAY-ah")
Freyr,("FRAY-er")
Friar Valverde,("vahl-VAIR-day")
Friedrich Nietzsche,("NEE-cheh")
Friedrich Wöhler,("FREE-drik VUHR-lehr")
Froissart,("fraw-SART")
Fructidor,("FROOK-tee-door")
Fuchs-Robettin,("FEWKS ROH-buh-tin")
fugato,("fyoo-GAH-toh")
Fujian,("FU-jee-ahn")
Fukushima Daiichi,("foo-KOO-shee-muh DAI-ee-chee")
Fulgencio Batista,("fool-HEN-see-oh")
fuoco,("FWO-coh")
Für Elise,("FYOOR eh-LEEZ-uh")
Furies,("FYUR-eez")
Furyan,("FYOOR-ee-an")
futur simple,("samp-luh")
Fuxi,("FOO-shee")
fynbos,("FIN-bohz")
Fyodor Dostoevsky,("FYOH-dor duss-toy-EFF-skee")
Gabriel de Clieu,("gah-bree-EL day CLEE-yoo")
Gabriel Faure,("fow-RAY")
Gabriela Mistral,("mis-TRAHL")
Gabriele d’Annunzio,("duh-NOON-zee-oh")
gacaca,("gah-CAH-cah")
Gachet,("guh-SHAY")
gadolinium,("gah-do-LIN-ee-um")
Gaetti,("guy-ET-ee")
Gagnrathr,("GAG-in-roth-er")
Gaia,("JEE-uh")
galacto-syl-transferase,("guh-LACK-tuh-seal-TRANS-fur-ace")
Galatea,("gal-uh-TEE-uh")
Galehaut,("GAH-lee-oat")
Galician,("gah-LEE-shen")
gametophyte,("ga-MEE-toe-fite")
Gamora,("gah-MOR-uh")
ganbei,("gone-BAY")
Ganesha,("guh-NAISH-uh")
Ganges,("GAAN-jeez")
Gangnam,("GONG-num")
Gangwha,("gung-WAH")
Ganymede,("GAH-neh-meed")
Gao,("GOW")
Gao Xingjian,("GOW shing-JYAN")
Gaozu,("gow-ZOO")
Garcin,("gar-SAN")
gardellino,("ill gar-day-LEE-noh")
Garissa,("GAR-iss-ah")
Garuda,("guh-ROO-duh")
Gaspard de Coligny,("gas-PAR day coh-lee-NEE")
Gaspard de la nuit,("geh-SPAR day lah NWEE")
Gaspe,("gas-PAY")
Gaspee,("gas-PAY")
Gastein,("gas-TINE")
Gaston Leroux,("luh-ROW")
Gate Schiedam,("SHY-dam")
Gattamelata,("GAH-tuh-mel-AH-tuh")
gauchos,("GOW-chos")
Gaudete,("gow-DET-ey")
Gavrilo Princip,("PRIN-tzip")
Gay-Lussac,("GEH LOO-sack")
Gayet,("GUY-yay")
Gdansk,("guh-DONSK")
Ge'ez,("guh-LEZ")
Geats,("GAY-ats")
Gebelawi,("GEBB-ul-OW-ee")
geisha,("GAY-shuh")
Gelimer,("GEH-luh-mur")
Gelug,("geh-LOOG")
Gemini,("JEM-in-eye")
Gene Krupa,("CROO-puh")
geoid,("JEE-oyd")
George Balanchine,("BAL-uhn-cheen")
George Moscone,("moss-CONE-ee")
Georges Hugon,("JORJ hoo-GON")
Georges Pompidou,("JOR-juh pomp-EE-doo")
Georges Seurat,("SEH-rah")
Georgy Malenkov,("muh-LENK-off")
Gerboise Bleu,("jair-BWEZ BLOO")
Gerd von Rundstedt,("ROONSH-tet")
Gergovia,("ger-GOH-vee-uh")
Germaine de Foix,("jer-MAHN doo FOHJ")
Germinal,("jer-mih-NAAL")
gerousia,("ger-OO-see-uh")
Gershgorin,("gersh-GORE-in")
Gervasius,("jer-VAY-see-us")
Gervayse,("gair-VASE")
Geryon,("GER-ee-en")
Gesta Francorum,("GEH-stuh frahn-COR-um")
Gheorghe Gheorghiu-Dej,("gee-OR-gee gor-GOO-dej")
Gia i sacerdoti,("jee-uh ee say-ker-DOH-tee")
Giacomo Puccini,("JAH-cuh-moh poo-CHEE-nee")
Gibreel Farishta,("JIH-breel fah-REESH-tuh")
Gila River,("HEE-luh")
Gioachino,("jee-uh-KEE-noh")
Giordano's,("JEE-or-DAH-nohz")
Giorgione,("george-ee-OH-nay")
Giovanni Boccaccio,("boh-CAH-chee-oh")
Gipuzkoan,("gee-BOOZ-koh-aan")
Girgio di Chirico,("CHEER-ee-koh")
Girolamo Savonarola,("jeer-AH-lah-moh sah-voh-nah-ROH-luh")
Girondist,("jir-AHN-dist")
Gitanjali,("gee-tahn-JAHL-ee")
Giuliano,("jool-ee-AH-noh")
Giuseppe Garibaldi,("joo-SEPP-ee GARE-uh-BALD-ee")
Giuseppe Verdi,("joo-SEP-ee VAIR-day")
Giverny,("JIV-air-nee")
gjakmarrja,("jok-MAR-juh")
Gjallarhorn,("YAH-lur-HORN")
Glas Ghaibhneach,("glas-GAIN-ack")
Glasgow,("GLAZZ-goh")
glasnost,("GLAZ-nahst")
glatiramir,("GLA-tir-aa-mir")
glatt,("GLOTT")
Glauce,("GLAO-kay")
Glaucus,("GLAW-kuhs")
glial,("GLEE-uhl")
glissando,("gliss-AHN-doh")
Glitnir,("GLIT-neer")
glossopharyngeal,("GLAH-soh-fuh-RIN-jee-ul")
Gloucester,("GLOSS-ter")
gluconeogenesis,("GLOO-co-NEE-oh-genesis")
glycogen,("GLAI-co-jen")
glycolysis,("glai-KAHL-ih-sis")
glyoxylate,("glai-OCK-sul-ate")
Gnaeus,("guh-NAI-us")
gneiss,("nice")
gnostic,("NOSS-tick")
GNU/Hurd,("NEW HERD")
God Save the Tsar,("ZAR")
godar,("GOH-dar")
Godfrey of Bouillon,("boo-YAHN")
Goethe,("GEER-tuh")
goethite,("GUR-tite")
Goguryeo,("go-GUR-yo")
golem,("GOH-lem")
Golgi,("GOL-jee")
gonadotropin,("go-NAH-do-troh-pin")
gopis,("GOH-peez")
Gorée,("gore-EY")
Gorgons,("GOHR-guhns")
Gorlice-Tarnow,("gor-LICH-tar-now")
Gorlois,("gor-LOH-is")
Goryeo,("gor-YUH")
Gotama,("goh-TAH-muh")
Gouda,("GOO-duh")
Govinda,("goh-VIN-duh")
Gozo,("GOH-zoh")
grana,("GRAH-nuh")
Grand Coulee,("COO-lee")
grand nu,("new")
Grandidier,("gran-dee-dee-YAY")
Grandissimes,("GRON-diss-eemz")
granulocytes,("GRAN-yoo-luh-sites")
granulosum,("GRAN-you-low-sum")
Gratian,("GRAY-shun")
Gravelines,("GROV-leen")
gravitropism,("GRA-vih-trohp-izm")
Gregory of Tours,("TOOR")
Griffin,("GRIF-in")
Grisons,("GREE-zun")
GroES,("GROW-ee-ess")
Grosse Fuge,("GROSS-uh FOO-guh")
Grotthuss-Draper,("GROW-tiss DRAY-per")
Gruagach,("GROO-ah-gak")
Guadalupe,("gwa-duh-LOO-pay")
Guader,("GWAH-der")
Guaire,("goo-ah-EE-ray")
Guajuanato,("gwah-wah-NAH-toh")
Guanabara,("gwah-nah-BAH-rah")
Guanaja,("gwah-NAH-ha")
Guangxi,("gwang-SHEE")
Guangxu,("gwang-SHOO")
Guangzhou,("gwang-JOE")
Guanzhong,("gwan-JUNG")
Guayaquil,("guy-ah-KEEL")
Gudule,("goo-DOOL")
Guédé,("guh-WAY-day")
Guericke,("GOO-ree-keh")
Guermantes,("gair-MAHN-tays")
Guernsey,("GURN-zee")
Gui,("guay")
Guillain–Barré,("GHEE-yahn BAR-ay")
Guillame de Lorris,("gi-UM-de-lo-REE")
Guillaume,("gee-YOHM")
Guillaume Cale,("GEE-yahm CAH-luh")
Guise,("GEEZ")
Guizot,("gee-ZOH")
Gunter Grass,("GIN-ter GRAHSS")
Gunung Mulu,("goo-NUNG muh-LOO")
guqin,("goo-CHIN")
Gustav Husak,("HOO-shock")
Gustav von Aschenbach,("OSH-en-bock")
Gustave Caillebotte,("KYE-uh-bot")
Gustave Flaubert,("flow-BAIR")
Guy de Maupassant,("GEE deh MOE-puh-sahnt")
Gylippus,("jai-LIP-is")
Gymnopedies,("jim-nah-peh-DEE")
Gytha,("GITH-uh")
H. pylori,("pai-LOR-ee")
Habanera,("hah-bah-NAIR-ah")
Habyarimana,("hab-yar-ee-MAH-nah")
Hades,("HAY-deez")
haeccity,("HIKE-sit-ee")
Hafiz,("hah-FIZ")
haftarah,("hahf-TAR-uh")
Haganah,("hah-gah-NAH")
Hagia Sophia,("AI-uh soh-FEE-uh")
Haile,("HI-leh")
Hainan,("HI-non")
Halabja,("huh-LAWB-juh")
Hallgrímur Pétursson,("hull-GRIME-your peterson")
halogenation,("HAL-uh-gen-ay-shun")
Haman,("HEY-mun")
Hammarskjold,("HAM-mar-skee-yold")
Hanafi,("hah-NAH-fee")
Hanbali,("hahn-BAH-lee")
Hanuman,("HAH-noo-mon")
Haole,("hah-OH-lay")
haplodiploidy,("ha-ploh-DIH-ploi-dee")
haraam,("hah-RAHM")
Harald Hardrada,("HARD-ruh-duh")
Harappa,("HEH-ruh-PUH")
Hardrada,("hard-RAH-duh")
Hare Krishna,("HAH-ray")
Hargeisa,("har-GAY-suh")
Haridwar,("hah-RID-war")
Harkis,("HAR-keez")
Harlow Shapley,("SHAPP-lee")
Harold Ickes,("ICK-iss")
Harold Urey,("YUR-ee")
Harthacnut,("HAR-thuk-uh-noot")
Hary Janos,("HAH-ree YAY-nosh")
Hathor,("HATH-or")
Hattusili,("HAT-tus-EE-lee")
Hattusilli,("hah-too-SEE-lee")
Hauraki,("how-RAH-kee")
Hauts-de-Seine,("oh-day-SENN")
Haversian,("ha-VER-zee-en")
Hawenniyo,("ha-WEN-nee-yo")
Hawwa,("hah-WAH")
Hay-Bunau-Varilla,("boo-NOW-vuh-REE-yuh")
Haydn,("HAI-den")
Hayreddin,("HAI-reh-tin")
hCAP18,("h-CAP-eighteen")
Hebe,("HEE-bee")
Hebrides,("HEB-reh-deez")
Hecate,("HEK-a-tee")
Hecatommithi,("glee huh-CAH-to-MITH-ee")
Hecatonchires,("hek-uh-tahn-KEER-eyz")
hechsher,("HEK-shur")
Hecuba,("HEK-yoo-buh")
Heian,("HEY-yon")
Heiligenstadt,("HEEL-ey-gensh-tot")
Heimdall,("HAYM-dahl")
Heitor Villa-Lobos,("ai-TOR vee-yuh-LOW-bowsh")
Hejaz,("heh-JAZZ")
HeLa,("HEE-luh")
Helen,("HEL-en")
Helenus,("HEL-uh-nuhs")
Heliopolis,("heel-ee-AH-poh-lis")
Helios,("HEE-lee-ahs")
helot,("HEH-lot")
hemagglutinin,("heem-uh-GLUT-uh-nin")
hemochromatosis,("HEE-moh-kroh-ma-TOH-sis")
hendecasyllabics,("HEN-dek-uh-sil-AA-biks")
Hendecasyllables,("hun-DECK-uh-SILL-uh-bulls")
henequen,("HEN-uh-kwen")
Henle,("HEN-lee")
Henri Barbusse,("bar-BOOS")
Henri Lebesgue / Lebesgue integral,("LEH-beg")
Henri Matisse,("ohn-REE maa-TEES")
Henry Lefebvre,("luh-FEB")
Henryk Górecki,("HEN-rick goo-RET-skee")
heparin,("HEP-uh-rin")
Hephaestus,("huh-FESS-tis")
Hephthalite,("HEF-thuh-lite")
Hepzibah,("HEP-zib-uh")
Hera,("HIR-uh")
Hercules,("HUR-kyoo-leez")
Herero,("heh-REH-roh")
Hermann Hesse,("HAIR-mahn HESS-uh")
Hermaphroditus,("hur-maf-roh-DAI-tuhs")
Hermes,("HUR-meez")
Hermione,("her-MY-oh-nee")
Hermitian,("her-MISH-un")
Hernán Cortés,("air-NAHN cor-TEZ")
Herod,("HEH-rid")
Herodias,("heh-ROH-dee-ahs")
Heroides,("hair-OH-ih-dayz")
Herschel Grynszpan,("GRIN-shpahn")
Hesione,("HEE-zee-OH-nee")
Hesperides,("hes-PAIR-ih-deez")
Hessian,("HESH-in")
Hestia,("HES-tee-uh")
heterokaryon,("het-er-o-KAR-ee-on")
hexokinase,("hex-oh-KAI-nayz")
Hiero,("HEER-oh")
Hierocles,("HI-ruh-cleez")
Hieronymus Bosch,("heer-AH-neh-muss BOSH")
Hijra,("HEHJ-ruh")
Hilderic,("hil-DER-ik")
Himalia,("hy-MAL-ee-uh")
Hingakaka,("HING-guh-KAH-kah")
Hippasus,("HEH-pahss-ahs")
Hippocrene,("hip-uh-KREEN")
Hippodamia,("hipp-oh-DAY-mee-uh")
Hippolyta,("hi-PAHL-ih-tah")
Hippolytus,("hi-PAHL-ih-tuhs")
Hippomenes,("hip-AH-meh-neez")
hiragana,("HEER-uh-gah-nuh")
Hiroshige,("heer-OH-shee-gay")
Hittite,("HIT-aiyt")
Hlidskjalf,("LITHZ-kalf")
Hmong,("MONG")
Hohenstaufen,("HO-en-stoff-en")
Hokusai,("HOH-koo-sai")
Hölderlin,("HOL-dair-leen")
Holdomor,("hahl-uh-doh-MOR")
Holyrood,("HAH-lee-rood")
homoousios,("home-oh-OO-see-us")
honden,("HAWN-den")
Honest Ndiovu,("dee-OH-voo")
Hong Xiuquan,("shee-KWAHN")
Hongzhang,("HONG-jong")
Honore,("ah-NOR")
Honoré Daumier,("ah-nah-RAY DOHM-yay")
Horemheb,("HORE-em-heb")
Horus,("HOR-uhs")
hotri,("HOH-tree")
Houris,("HOO-ri")
Houthi,("HOO-thee")
Houyhnhnms,("WIN-ims")
Hoxha,("HOH-juh")
Hrimthurs,("RIM-thurz")
Hrothgar,("huh-ROTH-gahr")
Hu-chiang,("hoo-CHONG")
Huascar,("WASS-car")
Huayna,("WHY-nuh")
Hubal,("HOO-ball")
Hugo de Vries,("de VREEZE")
Huitzilopochtli,("WEET-sil-o-POCH-lee")
Hulagu,("hoo-LAH-goo")
Hunahpu,("hoo-NAH-poo")
Hünkâr İskelesi,("hoon-KAR is-KIL-eh-see")
Huygens,("HAI-genz")
Hüyük,("HOIK")
Hwang,("WONG")
Hyacinthus,("hai-uh-SIN-thuhs")
Hyades,("HAI-uh-deez")
hybridoma,("hai-brid-OH-muh")
Hydaspes,("high-DASS-peez")
hydroxyapatite,("hai-DROK-see-APP-eh-tite")
hydroxylated,("hai-DROKS-sil-ey-ted")
Hygieia,("hai-JEE-uh")
Hyperion,("hai-PEER-ee-uhn")
hypnopoedia,("hip-no-PEED-ee-uh")
Hypsas,("HIP-sass")
Hyrcanian,("her-KEY-nee-un")
I Pagliacci,("ee pahl-YAH-chee")
Iarbas,("YAR-bas")
Iasion,("ee-EY-sun")
Ibarretxe,("ee-BAH-ruh-chay")
Ibirapuera,("ee-bee-rah-PWEH-ruh")
Ibiza,("ee-BEE-zuh")
Ibrahim Lodi,("ee-BRAH-heem LOH-dee")
Icarus,("IK-ah-ruhs")
Iceni,("ee-KAY-nee")
idée fixe,("EE-duh fix")
iduronate-2-sulfatase,("id-UH-roan-ate-two-SULF-uh-tace")
Ifrane,("ee-FRAHN")
Igbo,("EEG-boh")
Igor,("EYE-gor")
igotshwa,("ee-GOT-shwuh")
Igraine,("ee-GRAIN")
Iguazu,("ee-goo-AH-zoo")
Ijen,("IH-jen")
ijma,("EEJ-muh")
Ikemefuna,("IH-kay-mih-FOO-nuh")
Ikhwan,("EEK-won")
Il Canzoniere,("CON-zoh-NAIR-ey")
Il Duce,("DOO-chay")
Il Milione,("meel-YOH-nay")
Ileana Ros-Lehtinen,("ROSS-leh-TIE-nen")
Ilmarinen,("EEL-mah-rin-in")
Ilmatar,("ILL-ma-tar")
Imamis,("ee-MAH-meez")
Impuza-mugambi,("imp-OO-zah-moo-GAHM-bee")
Imre Nagy,("IM-ray NAHJ")
Imsety,("im-SET-ee")
infundibulum,("IN-fun-DIB-yoo-lum")
Inghean Bhuidhe,("EEN-awn-BOOee")
injera,("in-JAIR-ah")
inoGo tied,("IHN-uh-goh-TIDE")
Inspector Javert,("zhah-VAIR")
instantiations,("in-stan-tee-EY-shunz")
Inter Caetera,("cai-TEH-rah")
Inter gravissimas,("grah-VEE-see-mahs")
Interahamwe,("in-tair-uh-HAHM-way")
interferometer,("INT-er-fuh-RAH-muh-ter")
Inua,("IHN-oo-ah")
Inuinnaqtun,("IN-oo-uh-NOK-tin")
Inuktitut,("in-UHK-teh-TUT")
Io,("EE-oh")
Iobates,("eye-oh-BAH-teez")
Iolaus,("AI-oh-loss")
Iolcus,("ee-OL-kus")
Ion Antonescu,("an-tah-NESK-yoo")
Iphigenia,("if-uh-juh-NAI-uh")
Iqaluit,("ee-KAH-loo-it")
iqama,("EE-kah-mah")
Iquique,("ee-KEE-kay")
Iranduba,("EE-ron-DOO-nuh")
Iroquoian,("EER-uh-kwoy-en")
Iroquois,("EER-uh-kwoy")
Irus,("EAR-us")
Isandlwana,("iss-AHN-dul-AH-nuh")
Ischys,("ISS-kiss")
Ise,("EE-say")
Isfahan,("iss-fah-HAHN")
Isis,("EYE-siss")
Isla de la Juventud,("hoo-ven-TOOD")
Islas Malvinas,("EE-luh mal-VEE-nahs")
Ismailis,("is-MALE-eez")
isomerization,("ai-SAHM-er-iz-EY-shun")
isomerizes,("ai-SAHM-uh-raiz-ezz")
Ivan Mazepa,("ee-VON mah-ZEH-puh")
Ivan Turgenev,("ee-VAHN tur-GAIN-yev")
Ixion,("IKS-ee-ahn")
Izanagi,("ee-zah-NAH-gee")
J.M. Coetzee,("coht-SEE-uh")
J’accuse,("jahk-YOOZ")
Jacarepagua,("JAH-keh-reh-pah-GWAH")
Jacinto,("ha-SEEN-toe")
Jacqueline du Pre,("du PRAY")
Jacquerie,("JAK-eh-ree")
Jacques Chirac,("SHEE-rock")
Jacques de Molay,("JAK day MOH-lay")
Jacques Delors,("duh-LORE")
Jacques Derrida,("DEH-ree-dah")
Jacques Necker,("neh-KAIR")
Jacques-Louis David,("dah-VEED")
Jadwiga,("YOD-vee-guh")
Jafari,("juh-FAR-ee")
Jaffa,("JAFF-uh")
Jagiellon,("yag-ELL-on")
Jaime Sin,("HAI-may SEEN")
Jakkalsdrif,("JACK-uls-driff")
Jalisco,("ha LEE sko")
Jamaraat,("JAH-mah-raht")
Jameis Winston,("JAY-mis")
Jan Hus,("yon HOOS")
Jan Smuts,("YUN SMOOTS")
Jan van Eyck,("YON von EK")
Jana Gana Mana,("jaa-NAA goo-nah moo-nah")
Janus,("JAHN-uhs")
Jaques,("JAY-kweez")
Jaroslaw,("YAH-roh-slahv")
Jason,("JAY-suhn")
Javier de Balmis,("HA-vee-err-day-bal-MEE")
Javier Perez de Cuellar,("KWAY-arr")
Jawaharlal,("jah-WAH-hur-lol")
Jawaharlal Nehru,("juh-WAH-her-lal NAY-roo")
Jayavarman,("JEY-uh-var-mun")
Je veux vivre,("jeh veh VEEV-ruh")
Jean Chretien,("jon KREH-tee-uhn")
Jean Honoré Fragonard,("jon ah-nah-RAY frag-oh-NAR")
Jean Lafitte,("la-FEET")
Jean le Rond d'Alembert,("DAL-uhm-bair")
Jean Paul Sartre,("jon paul SAHR-truh")
Jean Piaget,("jon pee-ah-JAY")
Jean-Bertrand Aristide,("ah-ruh-STEED")
Jean-Henri Dunant,("jon ahn-REE doo-NAHN")
Jean-Jacques Dessalines,("DEH-suh-lee-nuh")
Jean-Léon Gérôme,("jon lay-AHN jeh-ROAM")
Jean-Michel Basquiat,("jon mee-SHEL boss-KEE-aht")
Jean-Paul Sartre,("SAR-truh")
Jean-Pierre Rampal,("rum-PAHL")
Jeju,("CHAY-jew")
Jesu,("YAY-soo")
Jeunehomme,("JOON-ohm")
Jiang Zhidong,("JONG ji-dONG")
Jiangxi,("JONG-shee")
Jianwen,("john-WEN")
Jibril,("jib-REEL")
Jim Bakker,("baker")
Jimaninos,("heem-awn-neen-YOS")
jinja,("JIN-juh")
Jocasta,("joh-CAST-uh")
Joe Koljaiczek,("coal-YAI-check")
Johann,("YO-hahn")
Johann Wolfgang von Goethe,("YO-hahn VULF-gong fun GURR-tuh")
Johannes Vermeer,("yoh-HAH-ness vair-MEER")
John Balliol,("BAA-lee-ul")
John Capodistrias,("CAH-poh-DIS-tree-uss")
John de Warenne,("Warren")
John le Carre,("lee-cah-RAY")
Johor,("jo-HORE")
Jokhang,("joh-KAAN")
Jon Krakauer,("KRAA-kow-er")
Jonathan Toews,("taze")
Jonglei,("jong-LEE")
Jorge Eliecer Gaitan,("HOR-hay eh-lee-EH-sair GUY-tahn")
Jorge Gaitan,("HOR-hay guy-TAHN")
Jorge Luis Borges,("HOR-hay loo-EES BOR-hays")
Jormungandr,("YOR-mun-gon-durr")
Jorn,("YORN")
Jos,("johs")
José de San Martín,("mar-TEEN")
Jose Martí,("mar-TEE")
Jose Orozco,("oh-ROHZ-coh")
Jose Saramago,("sahr-uh-MAH-go")
Josef Mindszenty,("mend-ZEN-tee")
Josefa,("joh-SEH-fuh")
Joseph Bazalgette,("BAA-zel-jet")
Joseph Goebbels,("GUR-bulz")
Joseph Joachim,("WAH-keem")
Joseph Mindszenty,("MIN-sen-tee")
Joseph of Arimathea,("aa-rim-uh-THAY-uh")
Joseph Rouletabille,("roo-LAY-tuh-BEE")
jouissance,("JEW-ee-suhnce")
Joukahainen,("YO-cuh-HIGH-nin")
Jounieh,("joo-NEE-uh")
Ju Di,("joo DEE")
juche,("JOO-chay")
Jue,("jong JWEH")
Julius Nyerere,("nee-RAIR-ee")
Jumeirah,("joo-MARE-uh")
Jumieges,("joo-mee-EJ")
Jumu'ah,("JOOM-wuh")
Junkers,("YOON-kairs")
Jura,("YUR-uh")
Juspeczyk,("yoos-PETCH-ick")
Juvenal Habyarimana,("hahb-yah-ree-MAH-nah")
Jyllands-Posten,("YOO-land POH-sten")
Ka-Zar,("KAY-sar")
Ka'aba,("KAA-buh")
Kabbalah,("kuh-BAH-lah")
Kadesh,("kah-DESH")
Kadima,("kah-DEE-mah")
Kadru,("CAD-rue")
Kagame,("kah-GAH-may")
Kagera,("kah-GAIR-uh")
Kai su, teknon,("kai soo TEK-non")
Kaifeng,("kai-FONG")
Kaija Saariaho,("KYE-yah SAH-ree-ah-hoh")
Kainji,("kye-IN-jee")
Kaitangata,("kai-TAN-guh-tuh")
Kalevala,("KAH-leh-VAH-lah")
Kalinga,("kaa-LING-guh")
Kalmykia,("kal-MEEK-yuh")
Kamala,("kah-MAH-luh")
Kamares,("kuh-MAR-eez")
Kamaswami,("kah-mah-SWAH-mee")
Kambei,("kom-BAY")
Kamehameha,("kuh-may-uh-MAY-uh")
kami,("KAH-mee")
Kanagawa,("kah-nah-GAH-wah")
Kangxi,("kahng-SHEE")
Kanpur,("KAHN-poor")
Kanto,("KAHN-toh")
Kapenguria,("gah-PEN-guh-REE-ah")
Kaposi,("kuh-PO-see")
Kappel,("KAH-pul")
Karachi,("kuh-RAH-chee")
Karegeya,("cah-ruh-GAY-uh")
Karelia,("KAH-reh-lee-yuh")
Karl Koetz,("KURTZ")
Kartikeya,("kar-tee-KEE-yuh")
Kartoffel,("KAR-tuh-fel")
Kaschei,("kuh-SHAY")
katabasis,("KAH-tuh-BAH-sis")
katakana,("KAH-tuh-kah-nuh")
Kaupthing,("KOWP-thing")
Kauravas,("kuh-RAH-vuhz")
Kazan,("kuh-ZON")
Kazuo Ishiguro,("KAHZ-whoa ee-shee-GOO-roh")
Kenneth Kaunda,("CON-duh")
keratinocyte,("care-uh-TIN-oh-site")
keratinocytes,("care-UH-tin-OH-cytes")
Kerepakupai Vena,("keh-reh-paa-KOOP-ai")
Ketchikan,("CATCH-ik-en")
ketoacidosis,("KEE-toh-aa-sid-OH-sis")
ketobemidone,("KEY-toh-bem-EH-doan")
ketoglutarate,("kee-toe-GLOO-tuh-rate")
ketone,("KEY-tohn")
Keweenaw,("KEE-wuh-naw")
Keyserling,("KAI-zer-ling")
Khadija,("kuh-DEE-juh")
Khammouane,("CAHM-oo-ahn")
Kharijites,("KAH-rij-ites")
Khatam an-Nabiyyin,("na-BEE-een")
Khmelnytsky,("chum-EYE-ul-niss-kee")
Khmer Rouge,("kih-MAIR ROOJ")
Khobar,("KOH-bar")
Khoryv,("CORE-iv")
Khosrau,("KOO-shuh-roo")
Khouang,("zee-ang KOH-ung")
Khovanshchina,("KHA-von-SHEE-nuh")
Khufu,("KOO-foo")
khum,("KOOM")
khutba,("KOOT-buh")
Khutor,("koo-TOR")
Khwarezmian,("kah-REZ-mee-un")
Kibera,("kib-AIR-uh")
Kievan Rus,("ROOS")
Kije,("kee-JAY")
Kikuchiyo,("kee-koo-CHEE-yoh")
Kikuyu,("gih-KOO-yoo")
Killke,("KILL-ik")
kinase,("KAI-nayz")
Kinderszenen,("KIN-durs-ZAY-nin")
Kinesin,("kin-EY-sin")
kinetochore,("kin-ET-oh-core")
kinoks,("KEE-noks")
Kinshasa,("kin-SHAH-suh")
Kishelemukong,("keesh-ey-lay-MOO-kong")
Kisumu,("kiss-OO-moo")
Kitai-gorod,("kit-EY-goh-rahd")
Kiviuq,("KIH-vee-uk")
Kiyomizu-dera,("kee-oh-mee-zoo-day-ruh")
Klein-Nishina,("nuh-SHEE-nuh")
Kleitomachus,("KLI-toh-MACK-us")
klepht,("cleft")
klismos,("KLIZ-mohz")
Kluczynski,("kloo-CHIN-skee")
Knesset,("keh-NESS-it")
koans,("COH-an")
Koch,("COKE")
Koh-i-noor,("koh-hee-NOR")
kohav,("COH-hov")
Koheleth,("koh-HEH-leth")
Koine,("KOY-nee")
Kok,("KOHK")
Kokchetav,("cok-SHET-av")
Kokku,("COH-koo")
Konrad Adenauer,("AH-den-ow-er")
Konstantin Treplyov,("TREH-pul-yof")
Kontakte,("kohn-TAHK-tuh")
Kopechne,("kuh-PECK-nee")
Korczak,("CORE-chak")
Kore,("KO-ray")
Korematsu,("CORE-uh-MOT-soo")
Korps,("core")
Kosovo,("koh-SOH-vah")
Kouroukan,("KOO-roo-can")
Kowloon,("cow-LUN")
Kraken,("KRAH-kun")
Kreisleriana,("CHRYSLER-ee-ah-nah")
Kreuz,("KRITES")
Krewo,("KRAY-vuh")
Kristallnacht,("kriss-TAHL-nahkt")
Kruje,("CREW-huh")
Krzysztof Penderecki,("kuh-SHISH-toff pen-duh-RET-skee")
Kuiper belt,("KAI-puhr")
Kukulcan,("kuh-KOOL-kahn")
Kukulkan,("koo-kool-KAHN")
kulak,("KOO-lock")
Kulikovo,("koo-lee-KOH-voh")
Kullervo,("koo-LEHR-voh")
Kulturkampf,("cool-turk-OMPF")
kun-yomi,("KUN-yoh-mee")
Kundt,("KOONT")
Kuomintang,("GWOH-min-dong")
Kurukshetra,("koo-rook-SHEY-truh")
kurultai,("kuh-ROOL-tai")
Kusanagi,("KOO-suh-NAH-gi")
Kussmaul,("KOO-small")
Kwakiutl,("kwok-YOO-tul")
Kwame,("KWAH-may")
Kyi,("CHEE")
Kyrie,("KEE-ree-ay")
L.H.O.O.Q.,("ell aash oh oh KOO")
L'anse aux Meadows,("LONZ-oh-MED-oh")
L'estate,("lay-STAH-tay")
l'had'lik neir,("luh-HOD lick-NAIR")
L'Hôpital's Rule,("low-pee-TAHL")
L'inverno,("lin-VAIR-noh")
L'Orfeo,("lor-FAY-oh")
L’Aurore,("la ROR")
La Boheme,("lah BOH-em")
La ci darem la mano,("la-chee-dah-REM la-MAH-noh")
La fanciulla,("lah fan-CHOO-luh")
La Grande Jatte,("lah grahn JOT")
La Grande Vitesse,("lah GROND vee-TESS")
La Haye Sainte,("LAA ey SONT")
La Malinche,("muh-LIN-chay")
La Marseillaise,("MAHR-see-YEZ")
La Noche Triste,("NO-chay TRIS-tay")
La Paix,("PAY")
La Rioja,("REE-oh-hah")
Laches,("LAH-kayz")
Ladozhskoye,("LAH-dohv-skey-uh")
Laelaps,("LAI-laps")
Laertes,("LAY-er-teez")
Laestrygones,("lie-stri-GO-nays")
Laestrygonians,("LYE-struh-GOH-nee-unz")
Lafonia,("lah-FOE-nee-uh")
Lagos,("LAA-gohs")
Laibach,("LAI-bek")
laicité,("lye-sit-EY")
Laius,("LAI-us")
Lajos Kossuth,("LAH-hoes KOH-soot")
Lake Akan,("AH-kahn")
Lake Ladoga,("lah-DOH-guh")
Lake Manchar,("MAHN-char")
Lake Mendota,("men-DOH-tuh")
Lake Monona,("muh-NOH-nuh")
Lake Poyang,("POH-yong")
Lake Suwa,("SOO-uh")
Lake Trasimene,("TRAA-zih-meen")
Lakshmana,("luk-SHMUH-nuh")
Lamassu,("laa-MAA-soo")
lamellae,("la-MEL-ee")
Lamia,("LAM-ee-uh")
laminopathies,("la-min-AH-path-eez")
Lamins,("LAH-minz")
Lan Xang,("shang")
Landisbanki,("LON-dis-bon-kee")
landler,("LAND-ler")
landsknechte,("LANDS-kuh-nekt-uh")
langue,("LONG")
lanthanide,("LAN-thun-ide")
Lantier,("LON-tey")
Laocoön,("lay-AH-kuh-wahn")
Laodice,("lay-AH-diss-ee")
Laomedon,("lay-AH-meh-don")
Laozi,("LOUT-zee")
lapin,("lah-PENG")
lapis lazuli,("LAH-pis LAH-zoo-lai")
Lapiths,("LAY-piths")
Laplace,("luh-PLOSS")
Laplacian,("luh-PLASS-ee-un")
Lares,("LAHR-eez")
Largo al factotum,("LAHR-goh ahl fahk-TOH-tum")
Larissa,("LA-ree-suh")
Las Guasimas,("gwah-SEE-muss")
Las Salinas,("suh-LEE-nus")
Lasair,("LOHseer")
Lasalgaon,("LAH-sel-goh")
Lascaux,("la-SCOO")
Lascelles,("luh-SELLZ")
Latacunga,("lah-tah-COON-guh")
laudanum,("LAWD-un-um")
Lavalas,("luh-VAH-luss")
Lavoisier,("lahv-WAH-see-ey")
Lazarillo de Tormes,("lah-zah-REE-yoh day TOR-mace")
Lazaro Cardenas,("luh-ZAR-oh CAR-de-nas")
Le Havre,("LOO AHV-wuh")
Le Père Goriot,("luh PAIR GOR-ee-oh")
Leabharcham,("LAU-er-cum")
Leander,("lee-AN-dur")
Lebesgue,("luh-BEG")
Lebhaft,("LAYB-hoft")
Lech Wałęsa,("LEK vah-WEN-suh")
Lechfeld,("LEYSH-feld")
Leda,("LAY-duh")
Lee Kuan Yew,("lee kwan YOO")
legato,("leh-GOT-oh")
Legendre,("luh-JON-druh")
Legnano,("LEN-yah-no")
Legnica,("leg-NIT-zuh")
Leiden,("LAY-den")
leitmotif,("LIGHT-moe-teef")
Lemaitre,("leh-MATE-ruh")
Lemminkäinen,("LEH-min-kai-nen")
Lemnos,("LEM-nahss")
Lenape,("leh-NAH-pay")
Leni Riefenstahl,("REE-fensh-tahl")
Leó Szilárd,("SEE-lehrd")
Leochares,("lay-oh-HAH-rahs")
Leon,("CHOL-gos")
Leon Czolgosz,("CHOLE-goss")
Leon Dupuis,("lay-OHN doo-PWEE")
Leoncavallo,("lay-ahn-cah-VAH-loh")
Leonidas,("LEE-uh-NYE-dus")
Leonore,("LEE-uh-nor")
Leontiades,("LEE-on-TYE-uh-deez")
Leopold Godowsky,("goh-DOFF-skee")
Lepanto,("LAY-pahn-toh")
Leporello,("lay-por-ELL-oh")
Les Fleurs du Mal,("lay FLURR doo MALL")
Les francs-juges,("lay FRONG JOO-juh")
Les Invalides,("leez ahn-vah-LEED-uh")
Les Plaideurs,("lay-play-DUR")
Les Preludes,("lay PRAY-loo-duh")
lestes,("LESS-teez")
Leszczynska,("LESH-ching-skuh")
Leszczynski,("luh-SHIN-skee")
Lethe,("LEE-thee")
Leto,("LEE-toh")
Leuctra,("LEWK-truh")
leukocyte,("LOO-koh-site")
Leung,("lee-UNG")
Leuthen,("LOY-ten")
Leutze,("LOYT-zuh")
Leydig,("LAI-dig")
Leyte,("LAY-tay")
Lezhe,("LEJ-uh")
Lhermitte,("LARE-meet")
liberté,("lib-er-TAY")
Libreville,("LEE-bruh-vil")
lichen,("LIKE-en")
Licinius,("lih-KIN-ee-us")
lied,("leed")
Liege,("lee-EHJ")
Ligny,("LIN-yee")
Ligurian,("lig-YUR-ee-en")
Likud,("lee-KOOD")
Linolenic,("LIE-no-leen-ik")
Lionel Jospin,("lee-oh-NEL YAHS-pan")
Lipany,("LIP-uh-nee")
Lir,("leer")
Llanos,("YAH-nos")
Lliannan-She,("lee-AN-uhn-shee")
Llosa,("YO-suh")
Llywelyn,("loo-ELL-en")
loas,("LOW-uzz")
Loch,("LOCK")
Loess,("less")
Loge,("LOH-guh")
logos,("LOH-gohs")
Lohiau,("low-HEE-ow")
Loire,("luh-WAH")
Loisel,("lwah-ZEL")
Loki,("LOH-kee")
Longinus,("lon-JAHY-nus")
Lotophages,("lo-to-FAY-ges")
Lotte,("LAH-tuh")
Louhi,("LOW-hee")
Louis de Broglie,("duh BROY")
Louis Leroy,("loo-EE LEH-wah")
Louis-Philippe,("LOO-ee-feh-LEEP")
Louisbourg,("LEW-ee-borg")
Louvre,("LOOV")
Lu Xun,("LOO SHUN")
Lualaba,("loo-ah-LAH-bah")
Luang Prabang,("loo-ong PRAH-bong")
Lucia di Lammermoor,("loo-CHEE-ah dee LAA-mur-moor")
luciferase,("loo-SIFF-er-ayz")
Lucius Aemilius,("ai-MEEL-ee-us")
Luckner Cambronne,("CAHM-brun")
Ludovico Ariosto,("ah-ree-AHS-toh")
Ludwig Zamenhof,("ZA-men-hoff")
Luftwaffe,("LOOFT-vah-fuh")
Lugh,("LOW")
Lula da Silva,("LOO-lah dah SIHL-vuh")
lunedi,("LOO-nay-dee")
Luo Guanzhong,("LOO-oh gwan-JONG")
Lusignan,("LOO-sin-YON")
Lützen,("LOOT-zin")
Lux Aeterna,("lucks AY-turn-uh")
Luzhniki,("looj-NEE-kee")
Lyapunov,("lee-AH-puh-noff")
Lycaon,("LIE-kay-on")
Lycurgus,("lai-KUR-gus")
Lyon,("lee-OHN")
lyonization,("LAI-uhn-uh-zay-shun")
Lysenkoism,("lai-SENK-oh-izm")
Lysistrata,("lai-sih-STRAH-tuh")
Lysithea,("lai-SEE-thee-uh")
lysozyme,("LAI-so-zaim")
M. cavernosa,("cav-er-NO-suh")
M’Boom,("muh-BOOM")
Maasai Mara,("mah-SAI MAA-rah")
Mabinogion,("ma-bin-OH-jee-un")
Macau,("mah-COW")
Macha,("MAK-ah")
Mackinac,("mack-in-AW")
macula densa,("MAK-yoo-luh DEN-suh")
Madame Odintsova,("oh-DINT-so-vuh")
Madeira,("MAH-dai-ruh")
Madhavrao,("mahd-HUV-rao")
Madiun,("MAD-ee-un")
madreporite,("MAD-rep-ore-ite")
Maenads,("MEE-nadz")
Maggiore,("mah-JOH-ray")
magneton,("MAG-nuh-tahn")
Mahabharata,("mah-ha-BAH-ruh-tuh")
Maharal,("MAH-hah-rall")
Maharashtra,("mah-hah-RAHSH-truh")
Mahavira,("mah-ha-VEE-ruh")
Maia,("MY-uh")
Maillard,("mai-YAR-duh")
Maimonides,("mai-MON-ih-dees")
Mainique,("mye-ey-NEE-kay")
Mainz,("MINES")
Majdanek,("MAH-jah-nek")
Makassar,("mah-KAH-sar")
Makemake,("MAH-kay-MAH-kay")
Malagasy,("mah-luh-GAH-say")
MALDI,("MAUL-dee")
Malebo,("maa-LAY-boh")
Malebolge,("MAL-uh-bulj")
Maliki,("mah-LEE-kee")
Malolos,("mah-LOH-lohs")
Malplaquet,("MOL-pluh-kay")
Mama Quilla,("KEE-luh")
Maman Brigitte,("muh-MAN bruh-JEET")
Mamelukes,("MAHM-loocs")
Mamertines,("MAH-mur-teenz")
Managua,("mah-NAH-gwah")
Manannán mac Lir,("muh-NAH-nan mac-LEER")
Manaus,("mah-NAH-oos")
Manco Cápac,("MON-coh CAH-pahk")
Manetuwak,("mah-NAY-too-wahk")
Mangarevan,("mong-guh-RE-vun")
manioc,("MAN-yoc")
Manitou,("MAN-uh-too")
Mantineia,("MAN-tin-EY-uh")
Manu,("MAH-noo")
Manukau,("MAH-noo-cow")
Maori,("MOW-ree")
maquiladoras,("mah-KEE-lah-DOR-ahz")
Maquis,("MAH-kee")
Maracanã,("mah-RAH-cah-NUH")
Marais des Cygnes,("muh-REE duh SEEN")
Marajó,("mah-rah-HO")
Marcello,("mar-CHEH-loh")
Marcus Caelius,("KAI-lee-us")
Mardonius,("mar-DOH-nee-us")
Marduk,("MAH-duk")
Maria Truczinski,("truck-ZINN-skee")
Marienplatz,("ma-REE-en-plahtz")
Marignano,("MAH-rin-YAH-no")
marimo,("MAH-ree-moh")
Marin County,("muh-RIN")
Marjatta,("MAR-yah-tah")
Mark Sokolich,("SAH-koh-litch")
Markale,("mar-KAH-lee")
Marmeladov,("mar-MAY-luh-doff")
Marquetalia,("mar-kay-tah-LEE-ah")
marranos,("mah-RAH-nos")
Marseilles,("mar-SAY")
Marsilio Ficino,("mar-SEE-lee-oh fuh-CHEE-noh")
Marsyas,("MAHR-see-uhs")
Mary Jo Kopechne,("kah-PEK-nee")
Marzelline,("MAR-zay-lee-nay")
Massasoit,("MAH-suh-SOY-it")
Masuji Ibuse,("ee-BOO-say")
Matanzas,("mah-TAHN-zahs")
Matsya,("MOTS-yah")
Matt Cassel,("castle")
Mattauch-Herzog,("MA-tuck HURT-zog")
Matteo Boiardo,("boy-AR-doh")
Mátyás Rákosi,("MAH-taash RAA-ko-shee")
matzah,("MOT-suh")
Maurice Merleau-Ponty,("MER-low-PAHN-tee")
Maurice of Nassau,("NAH-sow")
Maurice Ravel,("ruh-VELL")
Max Piccolomini,("PICK-oh-low-ME-nee")
Max von Sydow,("SEE-doh")
Max Weber,("VAY-burr")
Maxime Weygand,("vay-GAHN")
Mayagüez,("MAI-uh-GWEZ")
Mayor,("mye-OR")
Mazarin,("MAH-zah-RAHN")
Mazeppa,("mod-ZEP-uh")
mazurka,("muh-ZUR-cah")
Medardo,("muh-DAR-doh")
Medea,("meh-DEE-uh")
Medellin,("meh-deh-YEEN")
Medici,("MEH-dee-chee")
Medusa,("muh-DOO-suh")
Megara,("MEG-uh-ruh")
megaron,("MEG-uh-ron")
Megingjard,("muh-GIN-yard")
Mehmed,("MEH-med")
Mehmet Ağca,("meh-MED AA-juh")
Meiji Restoration,("MAY-jee")
meiosis,("mai-OH-sis")
meiotic,("my-AH-tick")
Mekong,("may-CONG")
Meleager,("meh-lee-AI-jer")
Meletus,("meh-LEET-ohs")
Melilla,("meh-LEE-yah")
Memnon,("MEM-nahn")
Menabe,("meh-NAH-bay")
Menachem Begin,("meh-NOCK-um BAY-gin")
Menelaus,("men-uh-LAY-uhs")
Mengzi,("mung-SHEE")
mensalao,("men-suhl-OW")
Mephistopheles,("meh-fih-STAH-fuh-lees")
Mephistophilis,("meh-fih-STAH-fuh-leez")
Mercutio,("mer-KYOO-shee-oh")
Merneptah,("murr-NEP-tuh")
Meroe,("MEH-roh-ey")
Mers-el-Kebir,("MAIR-sel-kah-BEER")
Mersenne,("mur-SEN")
mesenchyme,("MEZ-eng-kahym")
Meshach,("MEE-shack")
Mesilla,("may-SEE-yah")
mesohyl,("MEH-zoh-hill")
mestnichestvo,("MEST-nee-CHEST-voh")
Metamorphoses,("met-uh-mor-FOE-zees")
metatherian,("meh-ta-THEER-ee-an")
metazoan,("met-uh-ZOH-an")
Meteinuwak,("may-TAY-ih-nu-wahk")
methanochondroitin,("meh-THAN-oh-con-DROY-tin")
methionine,("muh-THIGH-oh-neen")
methyl salicylate,("suh-LISS-ill-ate")
Metis,("MEE-tis")
Métis,("meh-TEE")
metopes,("meh-TOH-payz")
Meursault,("murr-SO")
mevalonate,("meh-VAL-oh-nate")
mfecane,("emf-uh-KAH-nay")
mGluR5,("EM-glue-ARE five")
Miaoulis,("MEE-uh-OO-liss")
Michael Servetus,("sir-VAY-tus")
Michael Sweerts,("SVEERTZ")
Michel Foucault,("foo-COH")
Michele,("MEE-keh-lay")
micropyle,("MIKE-ro-pie-ul")
Midas,("MY-duhs")
Midian,("MID-ee-an")
midichlorians,("MID-ee-CLORE-ee-unz")
Mikhail Bakunin,("buh-KOO-nin")
Mikhail Gorbachev,("mee-kai-EEL gor-bah-CHOFF")
Miklós Horthy,("meek-LOWSH HORTH-ee")
Mikulitsyn,("MEE-kool-EET-sin")
Milankovitch,("mee-lahn-koh-vitch")
Miletus,("mil-EE-tuss")
Milice,("MEEL-ees")
millet,("mee-LET")
Miltiades,("mil-tee-AH-dez")
Milton Obote,("oh-BOAT")
Mimas,("MY-mas")
Mime Krzyzewski,("shu-SHEV-skee")
Mimir,("MEE-meer")
Minamoto,("MEEN-uh-MO-toh")
Minas Gerais,("MEE-nas GER-eyes")
Minos,("MY-nuhs")
Mirabeau Lamar,("MERE-uh-bow luh-MAR")
Miraflores,("mee-rah-FLOR-eyz")
Misenum,("mee-SAY-num")
Missa in Angustiis,("MEE-sah in ON-goo-STEE-ees")
missi dominici,("MEE-see doh-min-EE-chee")
mita,("MEE-tuh")
Mithridates,("mith-rih-DAH-teez")
mitochondria,("MYE-tuh-KON-dree-uh")
mitral,("MITE-rul")
Mitsuhide,("mit-soo-HEE-day")
Mjolnir,("MYOL-neer")
Mnemosyne,("neh-MOZ-in-ee")
Mnesicles,("min-ESS-uh-cleez")
Moab,("MOE-ab")
moai,("moh-AI")
Moctezuma,("mok-tay-ZOO-muh")
Moddey Dhoo,("maw-DOO-doo")
Modest Mussorgsky,("muh-SORG-skee")
Mohacs,("MO-hotch")
Mohammaed Mossadegh,("moh-SAH-deck")
Mohenjo-Daro,("moh-HEN-jo-DAA-roh")
Moholy-Nagy,("MO-hole-ee-noyj")
Mohorovicic,("MOE-huh-roe-VITCH-itch")
Moishe Tshombe,("tuh-SHOM-bay")
Mojarra,("mo-HAH-rah")
Mojave,("moh-HAH-vay")
molon labe,("LAH-bay")
Monera,("muh-NEER-uh")
Monime,("mo-NEE-may")
Monongahela,("muh-NAHN-guh-HEE-luh")
Monsieur Homais,("oh-MAY")
Monsieur Piquedent,("pick-DAHNT")
Mont Blanc,("moont BLONK")
Mont Sainte-Victoire,("moont saint veek-TWAHR")
Montego,("mon-TEE-goh")
Monteverde,("mohn-tay-VAIR-day")
Montevideo,("mohn-tay-vee-DAY-oh")
Montgolfier,("mont-GOL-fee-ey")
Montjuic,("mont-WEEK")
Montmartre,("mohn-MAR-treh")
Montreux,("mon-TROO")
Mool Mantar,("MON-tahr")
Moravia,("moh-RAH-vee-uh")
Morgan Tsvangirai,("suh-van-GEE-rye")
Morpheus,("MOHR-fee-uhs")
Morrigan,("MOR-rig-ahn")
Moruroa,("MOR-uh-OR-uh")
Moses Maimonides,("mai-MON-id-eez")
MOSFET,("MOSS-fet")
Moshe,("MOH-shuh")
Moulin de la Galette,("moo-LAHN day la gah-LET")
Mount Niitaka,("NEE-ee-TAH-kuh")
Mount Pani,("PAH-nee")
Mount Ventoux,("ven-TOO")
Mstislav Rostropovich,("MIS-tee-slav")
Mtsensk,("mits-ENSK")
Muammar Gadhafi,("kuh-DAH-fee")
Mughal,("MOO-gul")
Muhammad Zia-ul-Haq,("ZEE-ah-ool-HAHK")
Muhammadu Buhari,("moo-hah-MAH-doo boo-HAH-ree")
Muisca,("moo-EES-cah")
murmillones,("mur-mil-OH-nayz")
muscimol,("MUSK-im-all")
Musee des Beaux Arts,("myoo-ZAY day boo-ZAR")
Musetta,("myoo-zeh-TAH")
Muwatallis,("MOO-wuh-TAH-liss")
Mycale,("my-CAH-lay")
Mycenae,("my-SEE-nay")
myeloblast,("MAI-loh-blast")
myosin,("MY-uh-sin")
myrmecochory,("MYRRH-meh-cok-oar-ee")
Mytilene,("MIT-uh-LEE-nee")
N-Acetyl-talos-amin-uronic,("en-UH-see-tull-tuh-LOS-a-meen-your-ON-ick-
Nadar,("nah-DAR")
Nadia Comaneci,("coh-man-EECH")
Nadir Shah,("naa-DEER")
Nagas,("NAH-guhs")
Naglfar,("NOK-far")
Naguib Mahfouz,("na-HIB mah-FOOS")
Naiads,("NAY-ads")
Naima,("nah-EE-mah")
NAIRU,("NAY-roo")
Najera,("nah-HAIR-uh")
Nalubaale,("NAH-loo-BAH-lay")
Namaqua,("nah-MAH-kwuh")
Namor the Sub-Mariner,("NAY-mor")
Nanook,("nah-NUK")
Napoleon Chagnon,("SHAG-nohn")
Narcissus,("nahr-SIS-uhs")
Narendra Modi,("nah-REN-druh MOH-dee")
Narraboth,("NAH-ruh-bahth")
Naseby,("NAYZ-bee")
Naugatuck,("NAW-guh-tuck")
Naulochus,("now-LOH-kuss")
Navarino,("nah-vah-REE-noh")
Navarre,("nah-VAHR")
Navier-Stokes,("NAH-vee-ey")
Ndengei,("nuh-DEN-gay")
Ndotsheni,("en-DOT-shen-ee")
Nefertari,("neh-fur-TEH-ree")
Negrin,("nay-GRIN")
Nehemiah,("NEH-hem-AI-uh")
nematodes,("NEE-muh-tohdz")
Nemean,("nee-MEE-en")
Nemesis,("NEM-uh-sis")
Neoptolemus,("nee-ahp-TAHL-ih-muhs")
Nephthys,("NEF-this")
Nereids,("NEE-reeds")
Nereus,("NEE-ree-uhs")
Nes Gadol Haya Sham,("NESS gah-DOL hai-ah SHAHM")
Nessun dorma,("nay-SOON DOR-muh")
Nestor,("NES-tur")
Neuilly,("noo-YEE")
neuraminidase,("NUHR-am-in-uh-dayse")
Neuschwanstein,("noish-VON-shtein")
Neuville,("NUH-VEEL-uh")
New Echota,("ee-CHO-tuh")
Ngô Đình Diệm,("NOH din deem")
Nguyen,("WIN")
niacin,("NAI-ah-sin")
Nibelungenlied,("nee-buh-LUNG-en-leed")
Nicaea,("nai-SEE-uh")
Nichiren,("nee-chee-REN")
Nicholas Poussin,("poo-SAH")
Nicholas Roerich,("ROW-rick")
Nicholas Sarkozy,("SAR-koh-ZEE")
Nicolae Ceausescu,("chow-SES-coo")
Nicolas Fouquet,("foo-KAY")
Nidre,("cole NEE-dray")
Niflheim,("NEE-ful-hym")
Niihau,("NEE-ee-how")
Nika,("NAI-kuh")
Nike,("NAI-kee")
Nikita Khrushchev,("NIH-kee-tuh kroo-SHOFF")
Nikolaikirche,("nee-kol-EYE-keer-keh")
Nikolskoe,("NEE-kull-sko-uh")
Nina Zarechnaya,("ZUH-reck-NAI-uh")
Nineveh,("NIN-ih-veh")
Niobe,("nai-OH-bee")
Nisei,("NEE-say")
Nisse,("niss-eh")
Niterói,("nee-teh-ROY")
Noailles,("NEW-eye-ee")
Noche Triste,("NOH-chay TREES-tay")
Noisiu,("NEE-sheh")
Notre Dame du Haut,("NOH-truh dom doo oh")
notte,("lah NOT-tay")
Novum Organum,("NOH-vum or-GAH-num")
Nucleoli,("nu-clee-oh-lie")
nucleolus,("NOO-klee-uh-lus")
nucleophile,("NEW-klee-oh-file")
nucleotide,("NOOK-lee-uh-tide")
Nueces,("noo-ACE-ace")
Nunavut,("NOO-nuh-vut")
nutation,("noo-TAY-shun")
Nyame,("nee-AH-may")
O mio babbino caro,("oh MEE-oh bah-BEE-noh CAH-roh")
O soave fanciulla,("oh soh-AH-vee fahn-CHOO-luh")
O terra, addio,("oh TEH-ruh ohd-EE-oh")
Oath of the Horatii,("hoh-RAH-tee")
Oaxaca,("wah-HAH-kuh")
Obeid,("oh-bay-EED")
Occaneechi,("AH-cuh-NEE-chee")
Oceanus,("oh-kee-AH-nus")
ochre,("OH-kur")
Ocracoke,("OAK-ruh-coak")
Odendaalsrust,("oh-den-DAHLS-rust")
Odette de Crecy,("CRAY-see")
Odin,("OH-din")
Odysseus,("oh-DIS-ee-uhs")
Oebares,("OY-bah-rayz")
Oedipa,("ED-ip-uh")
Oedipa Maas,("ED-uh-puh MAHS")
Oeneus,("OH-eh-nus")
Ogoun,("OH-goon")
Ograbme,("oh-GRAB-me")
Ogygia,("oh-JIJ-ee-uh")
Ohtas,("OY-tahs")
Oisín,("oh-SHEEN")
Okavango,("oh-kuh-VAHN-goh")
Okonkwo,("oh-CONK-woe")
Oligochaeta,("ah-lee-goh-KITE-uh")
Olisipo,("oh-lees-EE-poh")
Olivier de Clisson,("oh-LIV-ee-ey day CLAY-son")
Omar Torrijos,("tore-EE-hohs")
Omarosa,("oh-muh-ROH-suh")
Omer,("OH-mur")
omerta,("oh-MAIR-tuh")
Ometeotl,("oh-meh-teh-OHT-el")
Ometepe,("oh-meh-TEH-pey")
Omphale,("OM-fuh-lay")
on-yomi,("AHN-yoh-mee")
Onate,("ahn-YAH-tay")
Oneida,("oh-NYE-duh")
Onesimus,("oh-NEE-see-mus")
oocyte,("OH-oh-site")
oolitic,("OH-uh-lit-ik")
Opchanacanough,("AW-fuh-can-off")
Opechancanough,("OH-puh-CHAN-kah-nuff")
Operation Rösselsprung,("RER-shuhl-SHPRUNG")
oprichniki,("ah-PREESH-neek")
oprichnina,("op-RICH-ee-nuh")
Optimates,("ahp-tim-AH-tayz")
Orban,("OR-baan")
Orellano,("or-ey-AH-no")
Oresteia,("or-es-TAY-uh")
Orestes,("ohr-ES-teez")
Organon,("or-GAH-non")
Orgon,("or-GOAN")
Orion,("oh-RAI-uhn")
Oromo,("ah-rah-MOH")
Oronte,("oh-RON-tay")
Orontes,("ore-AHN-tayz")
Orpheus,("OHR-fee-uhs")
Oscar Niemeyer,("NEE-my-ur")
osculating,("OS-kyuh-lay-ting")
osculum,("OSS-kyoo-lum")
Osei,("OH-say")
Osirak,("AH-suh-rak")
Osiris,("oh-SAI-riss")
Oskar Matzerath,("MAHT-zer-aht")
osmolarity,("oz-mo-LAIR-it-ee")
osteoclasts,("OSS-tee-oh-clasts")
Ostpolitik,("OAST-pol-it-ik")
Ottar,("AH-tar")
Ötzi,("oat-SEE")
Ourique,("oh-REE-cay")
ovale,("oh-VA-lee")
ovule,("AHV-yool")
oxidative,("ox-ih-DAYT-iv")
oxytocin,("OCK-see-TOH-sin")
Pablo de Sarasate,("sah-rah-SAH-tay")
Pachacuti Yupanqui,("PAH-chuh-COO-tee yoo-PAHN-kee")
Pachelbel,("POK-ul-bel")
Pacinian,("puh-SIN-ee-an")
padawan,("PAH-duh-wahn")
Paderewski,("PAH-duh-RESS-kee")
Paekche,("PAKE-juh")
paella,("pay- EY-yah")
Paes,("PIE-ess")
Pagondas,("puh-GONE-duss")
Pahlavi,("paa-laa-VEE")
Pais,("pai-EES")
Paitilla,("pie-TEE-uh")
Paiute,("pai-YOOT")
Palamedes,("pal-uh-MEED-eez")
Palatine,("PAH-luh-tine")
Palenque,("pah-LAIN-kay")
Palestrina,("pah-lehs-TREE-nuh")
Palleschi,("pah-LESH-ee")
Palm Jumeirah,("juh-MAI-ruh")
Pamphylia,("pam-FEE-lee-uh")
Pancasila,("PAHN-cuh-SILL-uh")
Pandavas,("PAHN-dah-vahz")
Pandora,("pan-DOHR-uh")
Panipat,("pah-NEE-paht")
pankration,("pan-KRA-tee-on")
Panzer,("POHN-zer")
Papia Poppaea,("pahp-EE-ah popp-EY-uh")
paracetamol,("PAIR-uh-CEET-uh-mall")
paramo,("pah-RAH-moh")
Paraná,("pah-rah-NAH")
Paranal,("pah-rah-NAHL")
paraphyletic,("para-fai-LET-ik")
Parashurama,("puh-RAH-shu-RAH-mah")
Parerga and Paralipomena,("pah-RAIR-guh and PAH-roh-LIP-oh-MEH-na")
parietal,("puh-RAI-uh-tul")
Paris,("PAR-is")
Park Montsouris,("park MOON-suh-REE")
Parolles,("puh-ROLE-eez")
Parramatta,("PAH-ruh-MAH-tuh")
Parvati,("PAR-vah-TEE")
Pasargadae,("pass-uh-GAR-die")
Pasiphae,("PASS-if-ey")
passacaglia,("PASS-uh-KAG-lee-uh")
Passarowitz,("pah-SAR-uh-vits")
Pataliputra,("pa-tah-lee-put-rah")
pathos,("PAHT-hos")
Patrick Roy,("WAH")
Patroclus,("pah-TRAHK-lis")
Paul Feyerabend,("FAI-er-ah-bend")
Paul Gauguin,("gaw-GAN")
Paul Hindemith,("HIN-duh-mith")
Paul Klee,("clay")
Paul Lhote,("LOAT")
Paul Signac,("SEEN-yak")
Paul Verlaine,("ver-LEN")
Paul-Henri Spaak,("SPOCK")
Pausanias,("pow-SAY-nee-us")
Pavia,("pah-VEE-uh")
Pazzi,("POT-see")
Pearse,("PURSE")
Pegasus,("PEG-uh-suhs")
Peirene,("PEER-en")
Pele,("PAY-lay")
Peleus,("pe-LAY-uhs")
Pelléas et Mélisande,("PEE-lee-as ey meh-LEE-sand")
Peloponnesian,("peh-loh-puh-NEE-zhun")
Pelops,("PEH-lops")
Pelusium,("peh-LOO-see-um")
Pemon,("peh-MOHN")
Peña,("PAIN-yuh")
Penates,("peh-NAH-tayz")
Penelope,("puh-NEL-uh-pee")
peptidoglycan,("PEP-tid-oh-GLEYE-can")
peptidyltransferase,("PEP-tidd-ul-TRANS-fer-eyz")
Pere Lachaise,("pare la-SHAYZ")
perestroika,("peh-ress-TROY-kuh")
Pergamum,("PER-gah-mom")
peripatric,("per-uh-PAT-rik")
Périphérique,("PER-uh-FER-eek")
perpetuum mobile,("MOH-bee-lay")
Persephone,("per-SEF-uh-nee")
Perseus,("PUR-see-uhs")
Pescadores,("PES-cah-DOR-ez")
Peshmerga,("pesh-MUR-guh")
Petacci,("peh-TAH-chee")
Petronilla,("pet-row-NEE-yuh")
Petroushka,("pe-TROOSH-kuh")
Petrovich,("peh-TRO-vitch")
Petruchio,("peh-TROOK-ee-oh")
Petrushka,("pay-TROOSH-kuh")
Phaeacia,("fye-EY-kih-uh")
Phaethon,("FAI-thon")
Phaeton,("FAY-uh-thuhn")
phage,("FAYJ")
Phainomena,("FYE-no-MEE-nuh")
phalanx,("FAY-lanx")
Pheidippides,("fai-DIP-uh-deez")
phenolphthalein,("FEEN-ol-FAY-leen")
pheophytin,("FEE-oh-FITE-in")
Philae,("FEE-lai")
Philemon,("FIE-luh-mon")
Philippe Bunau-Varilla,("boo-noh-vah-REE-yuh")
Philippe Petain,("PAY-tahn")
Philo,("FILE-oh")
Philocrates,("fill-AH-cruh-teez")
Philoctetes,("fil-ahk-TEE-teez")
Philomela,("fil-oh-MEE-luh")
Phineus,("fin-EE-us")
Phnom Penh,("puh-NAHM PEN")
Phobos,("FO-bos")
Phoebe,("FEE-bee")
Phorcys,("FORK-iss")
phospha-tidyl-serine,("fos-fuh-TIDE-ill-SEE-reen")
phospholipid,("FOSS-foh-LIP-id")
phosphorylation,("foss-for-uh-LAY-shun")
Phraates,("fra-AA-teez")
Phrygian,("FRIDGE-ian")
phthalein,("THAY-lean")
phyletic,("fai-LET-ik")
Phytophthora infestans,("fai-tohf-THOR-uh in-FEST-ahnz")
Piacenza,("pee-uh-CHEN-zuh")
Piast,("PYOST")
Piccadilly,("PICK-uh-dil-ee")
pieds-noirs,("pee-ay NWAH")
Pierre de Craon,("CAH")
Pierre Laval,("lu-VAHL")
Piet Mondrian,("peet MOHN-dree-aan")
Pieter Brueghel,("BROH-hil")
Pikauterangi,("PEEK-ow-teh-RON-gee")
pinacocytes,("pin-AK-oh-sites")
Pinheiro,("peen-AIR-o")
pinnae,("PIN-nee")
Piraeus,("pi-REY-us")
Piri Reis,("pee-REE-rees")
Pirithous,("pih-RITH-oh-us")
Pixinguinha,("pee-sheen-GWEEN-ha")
pizzicato,("pit-si-KAH-toh")
Place,("PLAHS")
places de surete,("PLASS day soor-ey-TAY")
Plaid Cymru,("PLIDE CAM-ree")
planctus,("PLONK-toos")
Plantagenet,("plan-TAH-juh-net")
Plataea,("pluh-TAY-uh")
Pleiades,("PLEE-ah-deez")
pleural,("plural")
Pliny,("PLINN-ee")
Ploesti,("ploy-YEST")
Plombieres,("PLOM-byair")
Plotinus,("ploh-TIE-nuss")
Plutarco Calles,("plu-TARK-oh cay-EZ")
Pluto,("PLOO-toh")
plyazh,("PLOSH")
Pohjola,("poh-HEE-uh-luh")
Poincare,("pwan-cah-RAY")
Poinsot,("pwan-SOH")
Poisson,("pwuh-SAHN")
Poitiers,("PWAH-tee-eh")
polarimetric,("POLE-uh-ruh-MET-rick")
polemarch,("POH-luh-mark")
Polichinelles,("poh-LEE-shuh-nel")
Polisario,("poh-lee-SAH-ree-oh")
Poltava,("pol-TAH-vuh")
polyadenylated,("pah-lee-uh-DEE-nuh-lai-ted")
Polychaeta,("pah-lee-KITE-uh")
polycythemia,("poly-sy-theme-ea")
Polydectes,("PAH-lee-DEK-teez")
Polydeuces,("PAH-lee-DOY-seez")
polygynous,("pall-IDGE-in-iss")
polymer,("PAH-lih-mur")
polymerase,("po-LIM-er-aze")
polymorphism,("pah-lee-MOR-fizm")
Polyphemus,("pah-lee-FEE-mus")
polyphony,("puh-LIFF-uh-nee")
Polyxena,("puh-LIX-ay-nuh")
Pombaline,("POHM-bah-leen")
Ponce,("pon-SAY")
Pont Neuf,("pah NOOF")
Popé,("poh-PAY")
Popol Vuh,("PAH-pul-woo")
Poprishchin,("po-PRISH-kin")
Populares,("pah-pyoo-LAH-rayz")
Porfirio Diaz,("por-FEER-ee-oh")
Porphyria,("por-FEER-ee-uh")
porphyrin,("PORE-fuh-rin")
porteños,("por-TAIN-yohs")
Poseidon,("puh-SY-duhn")
Post Miserabile,("MISS-uh-rah-BEE-lay")
Potala,("POH-tah-lah")
Potosí,("poh-toe-SEE")
Pottawatomie,("pah-tah-WAH-tah-mee")
Pourbaix,("poor-BAY")
poutine,("poo-TEEN")
Poyang,("POE-yong")
Prabhakaran,("prah-bah-KAH-rahn")
Prairial,("PREH-ree-AAL")
Praxiteles,("prak-SIT-uh-leez")
Prayut Chan-o-cha,("PRAI-oot CHAH-noh-chah")
presbycusis,("prez-bih-KYOO-sis")
Presidio,("preh-SID-ee-oh")
preterite,("PRET-uh-rit")
Preveza,("PREH-veh-zuh")
prezygotic,("pree-zai-GOT-ik")
Priam,("PRI-am")
Priapus,("PREE-ey-pus")
Prilezhaev,("pril-ZHAY-hev")
Principia,("preen-KEY-pee-uh")
Prinz Eugen,("prinz OY-gen")
Pripyat,("prip-YET")
Prix Goncourt,("pree gone-CORE")
Procopius,("pruh-COH-pee-us")
Procrustes,("pro-CRUSS-teez")
prokaryote,("pro-CAA-ree-oht")
Prometheus,("proh-MEE-thee-uhs")
Proslogion,("proh-SLOW-jee-on")
Prospero,("PRAHS-pay-roh")
Protasius,("pro-TAY-see-us")
protease,("PRO-tee-eyz")
Proteus,("PROH-tee-uhs")
Provel,("proh-VEL")
Prthivi,("PRIThi-vee")
Prusiner,("PROOZ-ner")
psoriasis,("soar-AI-uh-sis")
Psyche,("SAI-kee")
Ptah,("puh-TAH")
Ptolemaic,("TAHL-uh-MAY-ic")
Ptolemy,("TAH-luh-mee")
Puig,("PWEEG")
Pulcinella,("pull-chin-ELL-uh")
Punjab,("POON-jahb")
Punta del Este,("POON-tah del ES-tay")
Purkinje,("purr-KIN-jee")
Pygmalion,("pig-MAYL-ee-uhn")
pyloric,("pai-LOR-ik")
Pyramus,("PEER-uh-muhs")
pyranose,("PIE-rah-nose")
pyrocollodion,("PIE-row-co-LOW-dee-on")
Pyrrha,("PEER-uh")
Pyrrhonists,("PEER-oh-nists")
pyrrole,("PEER-ohl")
Pyrtaneum,("peer-tah-NAY-um")
pyruvate,("pai-ROO-vayt")
qabd,("KAH-bid")
Qaisery,("KAI-ser-ee")
Qajar Dynasty,("KAHJ-er")
Qallupilluit,("KAH-luh-pill-OO-it")
Qasioun,("kah-SOON")
Qatar,("kuh-TAR")
Qian,("chee-AHN")
Qianlong,("chee-AN-long")
qibla,("KEEB-luh")
qiblah,("KEY-bluh")
Qikiqtaaluk,("kee-keek-TAH-luk")
Qin,("CHIN")
Qing,("CHING")
qiyas,("KEE-yahss")
Qocho,("CHO-cho")
quadrupole,("KWAH-droo-POLE")
Quaid-e-Azam,("KWAI-ee-AA-zam")
Quando m'en vo,("KWAN-doh mee-en VOH")
Quaoar,("KWAH-o-ar")
Quatre-Bras,("KET-rey-brah")
Quebecois,("keh-beh-KWAH")
Quechua,("KECH-oo-uh")
Queen Madb,("MEYV")
Quetzalcoatl,("KETZ-ul-coh-AH-tul")
Qufu,("CHOO-foo")
quilombo,("kee-LAHM-boh")
quinine,("KWAI-nine")
quinone,("KWAI-noan")
quipus,("KEE-pooz")
Quirinus,("KWIR-in-uhs")
Quito,("KEE-toh")
Quizquiz,("KEEZ-keez")
Quraysh,("korr-AISH")
Rabindranath Tagore,("rah-BIN-drah-noth TAH-gore")
Rachel Dolezal,("DOH-leh-zahl")
Radames,("rah-dah-MESS")
Radovan Karadzic,("KAH-ruh-jitch")
Rafsanjani,("RAHF-sahn-JAH-nee")
Ragnarok,("RAG-nuh-rahk")
Raidak,("RAI-dock")
Rajoy,("RAH-hoy")
Rakhine,("raa-KEEN")
rakshasa,("ROK-shuh-suh")
Ralph Vaughan Williams,("RAFE VON")
Raman,("RAH-man")
Rambouillet,("ram-boo-YAY")
Ramsar,("rahm-SAHR")
Ranevskaya,("rah-NEV-sky-uh")
Rapa Nui,("RAH-puh NOO-ee")
Rapallo,("ruh-PAH-low")
rapamycin,("rah-puh-MAI-sin")
rarebit,("RARE-bit")
Rashidun,("RAH-see-DUN")
Raskolnikov,("rahs-KOLL-nee-koff")
Ratko Mladić,("RAT-koh MLAH-deech")
Ravana,("RAH-vuh-nuh")
Rawalpindi,("rah-wul-PIN-dee")
Real Madrid,("ray-AHL")
Réard,("ray-ARD")
Reccared,("REH-carr-ed")
Recep Tayyip Erdoğan,("ray-JEP tay-EEP AIR-doh-wan")
recitative,("REH-sit-eh-TEEV")
Reconquista,("ray-con-KEES-tuh")
Reidemeister,("RYE-duh-MY-ster")
Reims,("ROMS")
Remedios the Beauty,("reh-MAY-dee-ohs")
Remus,("REE-muhs")
Renaud Lavillenie,("reh-NOH leh-VEE-nee")
rennet,("REN-it")
Renoir,("reh-NWAH")
retiarius,("reh-tee-ARR-ee-uss")
reticulocyte,("re-TICK-yoo-lo-site")
Reveille,("REH-vuh-lee")
reveillon,("REH-vey-yon")
Reveries-Passions,("rev-REE PAS-yun")
Reykjavík,("RAKE-ya-VIK")
Reza,("ray-ZAH")
Rhea,("REE-uh")
Rhea Silvia,("RAY-uh SIL-vee-uh")
Rhenish,("REN-ish")
RHESSI,("RESS-ee")
rhombencephalon,("rom-been-SEPH-ah-lon")
rhyolitic,("RYE-oh-LIT-ick")
Riace,("ree-AH-chay")
Ribault,("ree-BOH")
riboflavin,("RAI-buh-flay-vin")
ribosome,("RAI-buh-zohm")
ricercar,("ree-cher-KAHR")
ricercare,("RIH-chair-CAH-ray")
Richard Feynman,("FINE-man")
Richard Neutra,("NOY-truh")
Richard Wagner,("REE-kard VOG-nur")
Ridda,("REED-ah")
Rif,("REEF")
Rigel,("RAI-juhl")
Rimet,("ree-MAY")
Rio de la Plata,("PLAH-tah")
Ripuarian,("RIP-yoo-AIR-ee-en")
Risorgimento,("ree-SORE-jee-MEN-toh")
Risperidone,("ris-PEH-rid-ohn")
Robert Henri,("HEN-rai")
Robert Menzies,("Mingus")
Robert Mugabe,("moo-GAH-bay")
Robert Winchesley,("WIN-chess-lee")
Rochambeau,("row-SHAM-bow")
Rocinante,("roh-sih-NAHN-tay")
Rodolphe Boulanger,("roh-DOLF boo-lahn-JAY")
Roger Taney,("TAW-nee")
Rogier van der Weyden,("roh-HEER von der WAI-den")
Rohingya,("roh-HING-yuh")
Rolle,("RUL")
Rollo,("RAH-loh")
Romanesque,("roh-muh-NESK")
Romanze,("roh-MON-seh")
Romelio Ureta,("roh-MEAL-ee-oh OO-ray-tuh")
Romulus,("RAHM-yoo-luhs")
Roncevaux,("RON-say-voo")
Rondo all’Ungherese,("ahl-oong-guh-RAY-zay")
Rosh Hashanah,("rohsh ha-SHAH-nah")
Roskilde,("ross-KILL-duh")
Roskva,("ROSK-vah")
Rostov,("ROO-stoff")
rotenone,("ROH-tuh-noan")
Rouen,("WOO-ahn")
RR Lyrae,("LIE-ray")
Rrose Selavy,("ah-ROWZ say-la-VEE")
Rubén,("roo-BAIN")
Rueda,("roo-EY-duh")
rugae,("ROO-guy")
Ruggiero Leoncavallo,("roo-JAIR-oh lay-on-cuh-VAH-loh")
Rum,("ROOM")
Rus,("ROOS")
Rustichello,("roos-tee-KEH-loh")
Ryswick,("RISE-wick")
Ryujin,("ree-OO-jin")
S.W.R.D. Bandaranaike,("ban-dar-uh-NEE-kee")
Sacagawea,("sah-cah-jah-WEE-ah")
sacrae,("CAN-tee-oh-nez SAH-cray")
Safavid,("sow-FAH-weed")
Sagrada Familia,("sah-GRAH-dah fah-MEEL-ee-uh")
Sahagun,("sah-hah-GOON")
Saint,("SAHN")
Saint Denis,("SAHN duh-NEE")
Saint-Domingue,("SAHN duh-MING")
Saint-Germain,("son jur-MON")
Saint-Just,("SAHN-joost")
Sainte-Chapelle,("SAHN-shu-PEL")
Sąjūdis,("sah-yoo-DISS")
Sakoku,("sah-KOH-koo")
Saksaywaman,("SAK-say-WHY-man")
Saladin,("SAH-luh-din")
Saladin Chamcha,("SAH-lah-deen CHOM-chuh")
Salamano,("sal-uh-MAHN-oh")
Salamis,("SAL-uh-miss")
salat al-Janazah,("sal-AT al-juh-NAAZ-uh")
Saleph,("SAH-leff")
Salic,("SAH-lik")
Salome,("SAH-loh-may")
Salsette,("sahl-SET")
saltarello,("sahl-tah-REL-lo")
Salvador Allende,("ay-END-ay")
Samanas,("sah-MAH-nahz")
Samarkand,("SAH-mar-kand")
Samothrace,("SAA-moh-threys")
samudaya,("sah-moo-DIE-uh")
Samuel Pepys,("peeps")
San Fermín,("sahn fair-MEEN")
San Jacinto,("huh-SIN-toh")
San Vitale,("sahn vee-TAH-lay")
Sanghamitra,("SAHN-gah-MEET-ruh")
Sangheili,("sahng-hee-LEE")
Sankore,("sahn-CORE-eh")
sans-culotte,("sen-kyoo-LAHT")
Sanssouci,("SAH-soo-SEE")
Santo Tome,("SAHN-toh TOH-may")
Sanusiyyah,("SAH-noo-SEE-ah")
Saparmurat,("sah-PAR-more-at")
sapere aude,("sah-PAY-ray OW-day")
Sapporo,("suh-PORE-oh")
Sara Bareilles,("buh-REL-iss")
Sarabande,("sah-rah-BAHN-duh")
sarissas,("suh-RISS-uz")
Sarmizegetusa,("SAHR-mee-zay-geh-TOO-suh")
Sarpedon,("sahr-PEE-duhn")
Sartaq,("SAR-tock")
Sasumua,("sah-suh-MOO-uh")
Satan,("SAY-tuhn")
satyagraha,("saht-YEH-grah-hah")
Satyendra Bose,("saht-YEN-druh BOHZ")
Satyrs,("SAY-tur")
Savonarola,("SAH-vuh-nuh-ROLL-uh")
Savoyard,("sah-voy-AHR")
Scathach,("SCOW-hah")
Scheherazade,("shuh-HAIR-uh-zahd")
schemas,("SKEE-muz")
schiltrons,("SHEEL-tronz")
schist,("SHIST")
Schistosomes,("SHISS-tuh-sohms")
schlafzimmer,("SHLAAF-zee-mur")
Schleicher,("SHLIKE-er")
Schlieffen,("SHLEE-fenn")
Schoenberg,("SHERN-berg")
Scioto,("sai-OH-tuh")
Sciron,("SAI-ron")
Scutari,("SCOO-teh-ree")
Scylla,("SIL-uh")
Se quel guerrier io fossi,("SAY kel geh-ree-AIR oh FAH-see")
SEAT,("SAY-ot")
Securitate,("SEH-coo-ree-TAH-tay")
Ségolène Royal,("seh-goh-LEN roy-AAL")
Seikan,("SAY-con")
Seine,("SEN")
Sejanus,("seh-JAH-nus")
Sejm,("SAME")
Sekhmet,("SEK-met")
Sekigahara,("SEK-ee-guh-HA-ruh")
Selanne,("seh-LAH-nee")
Seleucus,("seh-LOO-siss")
Semele,("SEM-uh-lee")
Semipalatinsk,("seh-mee-pah-LAHT-insk")
Semiramis,("sem-IR-uh-mis")
senescence,("suh-NESS-unce")
Sennacherib,("seh-NAK-er-ib")
Sephirot,("SEFF-ee-rote")
seppuku,("say-POO-koo")
Septuagint,("sep-TOO-uh-jint")
SEQUEST,("SEE-quest")
Sequoyah,("seh-KWOY-uh")
Serebryakov,("seh-ruh-BRAI-uh-koff")
Serge Diaghilev,("dee-AA-guh-lef")
Sergei Kirienko,("keer-YANE-koh")
Sergio Leone,("lay-OH-nay")
sertão,("SAIR-tao")
Sethe,("SETH-uh")
Sèvres,("SEV-ruh")
Sforzas,("SFORT-suhz")
Shaanxi,("SHAHN-see")
Shaban,("shah-BAHN")
Shabbat,("shuh-BOT")
Shadbotl,("SHAD-bot-ul")
shadda,("SHAH-duh")
Shadrach,("SHAD-rack")
Shafi'i,("shah-FEE-ee")
Shah Jahan,("jah-HAHN")
Shahada,("shuh-HAH-duh")
Shalmaneser,("sal-mah-nah-ZAHR")
Shammai,("shah-MY")
Shang,("SHONG")
Shaoqi,("shao-CHEE")
Sharbat Gula,("SHAR-baht GOO-lah")
Sharm el-Sheikh,("SHEEK")
Shatt-al-Arab,("SHAT-al-ah-ROB")
Shawwal,("shuh-WALL")
shechita,("shuh-HEE-tuh")
Shema,("shuh-MAH")
Shemini Atzeret,("sheh-MEE-nee aht-ZAIR-et")
Shiba Inu,("SHEE-bah EE-noo")
Shikimoku,("JO-ay shee-kee-MOH-koo")
Shinkolobwe,("SHEEN-koh-LOAM-bey")
shojin-ryori,("shoh-jin-ree-ore-ee")
Shona,("SHOH-nuh")
Shoshone,("SHO-show-nee")
shoures soote,("SHA-wurs SUH-tuh")
Shwedagon,("shuh-WED-uh-gon")
Se puede,("say PWEH-day")
Sibyl,("SIB-ul")
Sicinnus,("sih-SIN-nuhss")
Sidhe,("shee")
Sidney Lumet,("loo-MET")
Sieur,("SYURR")
Sieyes,("see-ESS")
sifr,("SIFF-urr")
Sigiriya,("SEE-geer-yuh")
Sigmaringen,("ZIG-muh-ring-in")
Signorella,("see-nyaw-REL-la")
Signoria,("SIN-yor-EE-uh")
Sigyn,("SIG-in")
Sihanouk,("SIGH-uhn-ook")
Sikkim,("SIK-im")
Sikkimese,("sik-im-ESE")
Silenus,("sai-LEE-nus")
Siliguri,("see-lee-GOOR-ee")
Sinaloa,("SEE-nah-LOW-uh")
sinfonia,("SIN-foh-nee-uh")
Sinis,("sinus")
Sinn Fein,("SHIN FAIN")
sinoatrial,("sy-no-ay-tree-ul")
Sinon,("SAI-non")
Sinop,("SEE-nop")
Sinope,("SEE-noh-pee")
Sioux,("SOO")
Sirena,("sai-RAY-nuh")
Sisyphus,("SIS-ih-fus")
Sita,("SEE-tuh")
Sleipnir,("SLAIP-neer")
Slobodan Milosevic,("mee-low-SEH-vich")
Sluag,("SLOO-ah")
Sluys,("SLOIZE")
Smerdyakov,("SMUR-juh-koff")
sola fide,("SO-lah FEE-day")
solfege,("SOL-fej")
Soloheadbeg,("soh-EYE-uh-HED-beg")
Solyony,("sul-YAH-nee")
Somnus,("SAHM-nuhs")
sonant,("SOH-nahnt")
Sophocles,("SOFF-uh-klees")
soraban,("SOH-rah-bahn")
sostenuto,("soh-steh-NOO-toh")
Sosthenes,("SOSS-thuh-neez")
Soubise,("SOO-bee-zuh")
Soweto,("sow-EY-toh")
Sparafucile,("spah-RAH-foo-CHEEL-ay")
sparagamos,("spuh-RAH-guh-mos")
Spasskoye,("spahs-KOY-uh")
spectroscopy,("spek-TRAH-scup-ee")
Speke,("SPEAK")
Sphingolipids,("sfing-oh-lipids")
spicules,("SPIK-yoolz")
Spikelets,("SPIKE-lets")
spinors,("SPINE-oars")
spinosum,("spih-NO-sum")
Spurius Maelius,("SPUR-ee-us MY-lee-us")
squamous,("SKWAY-mus")
src,("sark")
Srebrenica,("SREH-breh-neet-SAH")
SS Libau,("lib-OW")
Ssese,("SAY-say")
St. Germaine,("JAIR-mon")
St. John,("SIN-juhn")
St. Michel,("me-SHELL")
Stabat Mater,("STAH-baht MAH-tair")
staccato,("stuh-COT-oh")
Ständchen,("STEN-tee-yen")
Stanislav Galić,("STAN-ih-slahv GAH-leech")
Stanislavsky,("STAN-ih-SLAHV-skee")
Stanza della Segnatura,("STAAN-zuh day-luh sen-yah-TOO-ruh")
stapes,("STAY-peez")
stele,("steel")
Stephen of Blois,("BLOO-ah")
Steve Biko,("BEE-koh")
Stheno,("suh-THEE-noh")
stoichiometric,("STOY-kee-oh-MET-rick")
stomata,("stoe-MAH-tuh")
Stone of Scone,("SCOON")
stratum,("STRAA-tum")
streltsy,("STRELT-see")
Strelzyk,("STREL-chick")
Stroganov,("STROH-gah-noff")
strophe,("STRO-fee")
Strzelecki,("struh-LECK-ee")
Styx,("sticks")
suanpan,("SWAN-pahn")
subahdars,("soo-BAH-dirz")
substania nigra,("NYE-gruh")
succinate,("SUCKS-sin-ate")
Suharto,("soo-HART-oh")
Sui,("sway")
Suite Bergamasque,("BUR-guh-mask")
Sukarno,("soo-KARN-oh")
Sulawesi,("soo-lah-WEH-see")
Sully,("soo-LEE")
Sumanguru,("SOO-mon-GOO-roo")
Sumapaz,("soo-MAH-pahz")
Sumatra,("soo-MAH-truh")
Summ und brumm,("ZOOM und BROOM")
Sun Wukong,("woo-KONG")
Sunyaev-Zeldovich,("suh-NAI-eff ZEL-doh-vitch")
Suomi,("SWOH-mee")
Surabaya,("sur-uh-BUY-uh")
Suryavarman,("SUR-yuh-var-mun")
Susanoo,("SOO-sah-NO-wo")
Susanowo,("soo-sah-NOH-woh")
Susquehannocks,("suhs-kwuh-HAN-ocks")
Svafrlami,("suh-VAHF-ur-LAH-mee")
Svalbard,("suh-VAHL-bard")
Svante Arrhenius,("SUH-vahn-tuh uh-REE-nee-us")
Sverdrup,("suh-VARE-drupp")
Sviyazhsk,("svee-ESK")
Swadeshi,("swah-DESH-ee")
Swedish,("SKVAH-der")
Sweyn,("SVAIN")
Sychaeus,("si-KEE-us")
Sycorax,("SIK-uh-rax")
Symphonie Fantastique,("som-fah-NEE fahn-tah-STEEK")
synchronic,("syn-KRON-ik")
synecdoche,("sin-EK-duh-kee")
synergid,("SIN-ur-jid")
syngas,("SIN-gas")
syringomyelia,("sir-IN-go-my-EEL-ee-uh")
Syriza,("suh-REE-zah")
Szczecin,("sheh-CHIN")
Szczurowa,("strew-AH-vuh")
Szegedi,("ZAH-nad CHEG-uh-dee")
Szigetvar,("SIG-et-vahr")
szlachta,("SCHLOK-tuh")
Szulc,("SHULK")
Ta-Nehisi Coates,("tah-nah-HAH-see")
Ta'u,("TA-oo")
ta'ziyah,("tah-ZEE-yuh")
Ta’u,("tuh-OW")
Taborites,("TAH-bore-ites")
Tadzio,("TAHD-zee-oh")
Taganrog,("tah-GUN-rog")
Taghaza,("tah-GAH-zuh")
Tagus,("TAH-goos")
taifa,("TAI-fah")
taille,("tie")
Taillebourg,("TYE-uh-borg")
Taime,("tai-MAY")
Taira,("TYE-ruh")
takbir,("tuck-BEER")
Tala,("TAH-luh")
Taliesin,("tah-lee-ESS-en")
Talleyrand,("tah-LAY-ron")
Tambora,("tam-BOR-uh")
Tamil,("TAH-meel")
Taney,("TAH-nee")
Tang,("tong")
Tanganyika,("tan-gan-YEE-kuh")
Tannhauser,("TAHN-hoyz-er")
Tantalus,("TAN-tuh-luhs")
Tanzania,("tan-zuh-NEE-uh")
Taoiseach,("TEE-shock")
Tarawih,("tah-RAH-weeh")
Targa Jiu,("TEER-go-JOO")
Targowica,("tar-GOHV-itch-uh")
Tarshish,("tar-SHEESH")
Tartarus,("TAHR-tuh-ruhs")
Taxiles,("tack-SIL-eez")
Tegyra,("tuh-JEE-ruh")
Telemachus,("teh-LEM-uh-kus")
tendineae,("ten-DIN-e-e")
Tendulkar,("TEN-dool-kar")
tenebrism,("TEN-uh-briz-um")
Ténéré,("tay-nay-RAY")
Tenochtitlan,("TAY-notch-TEET-lahn")
Tenskwatawa,("tens-kwa-TAH-wuh")
Tequendama,("TAY-cain-DAH-mah")
Terceira,("tair-SAY-reh")
Tethys,("TETH-iss")
tetramethylsilane,("TET-ruh-METH-uhl-SILL-ane")
tetrarchy,("TETCH-rahr-kee")
Tezcatlipoca,("TETZ-cat-lee-POH-kuh")
Thaksin Shinawatra,("TOK-sin see-nah-WAH-truh")
Thalassa,("tuh-LASS-uh")
thalassemia,("tha-la-SEE-mee-uh")
Thales,("THAY-leez")
Thames,("TEMZ")
Thamyris,("tuh-MY-riss")
Thanatopsis,("THAA-nuh-TOP-sis")
Thanatos,("THAN-uh-tahs")
Thar,("TAR")
Theatetus,("THEE-ah-TAY-tuss")
Thebe,("THEE-bee")
Thebes,("THEEBZ")
Themistocles,("theh-MIS-toh-kleez")
Thenardiers,("tay-NAR-dee-ays")
Theodore Gericault,("jer-uh-KOH")
Theophilus,("thee-AWE-fill-us")
theophylact,("thee-oh-FAI-lakt")
Theresienstadt,("tah-RAY-see-en-SHTAHT")
thermogenin,("thermo-jen-in")
Thermopylae,("thur-MOP-il-ai")
Therouanne,("tay-roo-AH")
Theseus,("THEE-see-uhs")
thesmothetes,("thez-mo-THEE-teez")
thetans,("THAY-tenz")
Thetis,("THEE-tis")
Thiers,("TARE")
Thimphu,("tim-POO")
thioester,("THIGH-oh-est-er")
this Phoenician,("fih-NEE-shun")
Thisbe,("THIZ-bee")
Thjalfi,("THYAL-vee")
Thomas Eakins,("EE-kinz")
Thomas Kiradjieff,("keer-AA-jif")
Thomas Mann,("TOE-mahs MAHN")
Thomas Mulcair,("mul-CARE")
Thrasymachus,("THRAH-see-MAH-koos")
Thucydides,("thoo-SID-uh-deez")
Thunder-ten-Tronckh,("TRONK")
thylakoid,("THIGH-la-koid")
thymine,("THIGH-meen")
thymus,("THIGH-mus")
Tiamat,("TEE-uh-mat")
Tiglath-Pileser,("tig-LAATH pai-LEE-zer")
Tigris,("TAI-gris")
Timaeus,("tim-EY-us")
Timisoara,("tee-mee-SHWAH-rah")
Timişoara,("tee-mee-SHOR-uh")
Tir na n-Og,("teer-na-NOHG")
tirailleurs,("TIH-rah-yurz")
Tirana,("tee-RAH-neh")
Tiresias,("tai-REE-see-us")
Tirgoviste,("tur-GO-vish-tuh")
tirthankara,("TERT-unk-ah-ruh")
Tishrei,("TISH-ray")
Titania,("tuh-TAN-yuh")
Titans,("TY-tuhns")
Tithonus,("tith-OH-nus")
Titian,("TISH-in")
Titus,("TIE-tuss")
Tivoli,("TEE-vuh-lee")
Tjuta,("TYOO-tuh")
Tlaloc,("TLAH-lohk")
Tobruk,("tuh-BROOK")
toccata,("toh-KAH-tuh")
tocopherols,("toh-CAW-fer-ohlz")
Tokhtamysh,("TOK-tuh-mish")
Tokugawa Shogunate,("toh-koo-GAH-wah SHOH-gun-et")
Tomas de Torquemada,("tor-kay-MAH-dah")
Tomoe,("tuh-MOE-ee")
Tondibi,("TAHN-dee-bee")
Tonton Macoutes,("TAW-TAW-mah-KOOT")
Tordesillas,("tor-deh-SEE-yahs")
Torreon,("torr-ey-OHN")
Torres,("TOR-ez")
Torrijos,("toh-REE-hos")
Toulouse,("tuh-LOOS")
Tourgee,("tour-JAY")
Toussaint Charbonneau,("TOO-sahn shar-buh-NO")
Toussaint L'Ouverture,("TOO-sahn lee-ohr-TOOR")
toxoplasmosis,("TOCK-soh-plaz-MOH-sis")
traif,("TRAYF")
transducin,("trans-DOO-sin")
Trasimene,("trah-SIM-in-ee")
Traumerei,("TROW-mer-ai")
Träumerei,("TROY-muh-RYE")
Treaty of Brétigny,("BREH-tin-yee")
Treaty of Küçük Kaynarca,("KUCH-uk kuh-NAR-juh")
tremolo,("TREH-meh-loh")
tri-phenyl-phosphine,("try-FEN-ill-FOS-feen")
Tribonian,("tree-BOH-nee-un")
Trichet,("tree-SHAY")
trichinosis,("trih-kuh-NOH-sis")
tricuspid,("tri-CUSS-pid")
Tridentine,("TRY-den-teen")
Trierweiler,("tree-EH-vee-LOR")
Trieste,("tree-EST-ah")
Tripitaka,("trip-it-AH-kuh")
Tristesse,("treess-TESS")
Triton,("TRYT-uhn")
Troezen,("treason")
Troppau,("TROH-pow")
Trouton,("TROW-ton")
Troyes,("TWAH")
trp,("trip")
Trueba,("troo-EY-buh")
Trujillo,("troo-HEE-oh")
trypsinogen,("trip-SIN-uh-jen")
Tsavo,("SAH-voh")
Tsugaru,("soo-GAH-roo")
Tsuji-Trost,("SOO-jii-trost")
Tsukukyomi,("SOO-koo-YO-mee")
Tuatha Dé Danann,("THOO-a-haw-day-DAH-nawn")
Tuileries,("TWEE-lah-REE")
tumefaciens,("TOO-muh-FAY-sens")
tumen,("too-MEN")
Tuonela,("TOO-uh-nel-uh")
Turandot,("too-RAN-dot")
Turbellaria,("TUR-buh-LARE-ee-uh")
Tusculan,("TUSK-yoo-lin")
Twm Shon Catti,("toom-shon-KAT-ee")
tyet,("tee-ET")
Tyne,("tine")
Tyrfing,("TEER-fing")
tyrosine,("TAI-roh-seen")
Tyrrhenia,("tai-REH-nee-uh")
U Thant,("OO THAHNT")
ubermensch,("OO-bur-mensh")
Ueno,("oo-EY-noh")
Ugarte,("oo-GAR-dee")
Ugolino,("oo-go-LEE-no")
Uitlander,("OUT-lan-der")
Uitlanders,("OUT-land-erz")
Ukerewe,("OO-kay-RAY-way")
ukiyo-e,("oo-KEE-oh-EY")
Ulaanbaatar,("oo-LAHN-bah-tar")
Ulagu,("oo-LAH-goo")
Ultor,("OOL-tawr")
Ulysses,("yoo-LIS-eez")
Umayyad,("oo-MAI-ad")
Umberto Boccioni,("BOTCH-ee-oh-nee")
Umm Diwaykarat,("UMM dee-WHY-kah-rot")
ummese,("oo-MEH-seh")
Umuofia,("oo-moo-OH-fee-uh")
Unter den Linden,("OON-tair den LIN-den")
Upanishads,("oo-PAH-nee-shahdz")
uracil,("YUR-uh-sill")
Uranus,("yoo-RAY-nuhs")
Urbino,("oor-BEE-noh")
urea,("yuh-REE-ah")
Urubamba,("OO-ruh-BAHM-buh")
Uruk,("OO-ruk")
Urumqi,("oo-ROOM-chee")
ushpizin,("ush-PEE-zin")
Usnech,("USH-nuk")
Usonian,("yoo-SOH-nee-un")
Uthman,("ooth-MIN")
Utnapishtim,("oot-nahp-ISH-tim")
Utøya,("OO-toy-AH")
Utraquist,("OOT-ruh-kwist")
Uyghur,("WEE-gher")
Uyghurs,("WEE-gurs")
Uzice,("OO-zeet-suh")
Uzume,("oo-ZOO-may")
Va pensiero,("VAH pens-YEH-ro")
Vaculik,("VAH-choo-lik")
Vafthruthnir,("vaf-THROOF-neer")
Väinämöinen,("VAI-ih-nuh-MOH-nen")
Vajrayana,("VAHJ-rai-AH-nuh")
Valdemar,("VEL-deh-mar")
Valere,("VAL-air")
Valery Giscard D'Estaing,("JEE-scar DAY-stahn")
Valetta,("vah-LET-ah")
Valhalla,("val-HAL-uh")
Valkyries,("VAL-kuh-reez")
Valle,("vye-EY")
Valmiki,("val-MEE-kee")
Valois,("val-WAH")
Varanasi,("VAH-rah-nah-zee")
Varennes,("vah-REN")
Varuna,("vah-ROO-nuh")
Vasilyevich Vereshchagin,("VERE-uh-SHAH-gin")
Vassy,("VAH-say")
Vasudeva,("vah-soo-DAY-vuh")
Veii,("VAY-ee")
Vendome,("VON-dum")
Vercingetorix,("ver-sin-GEH-tuh-rix")
Vereeniging,("veh-reh-EY-nah-HONG")
Vergere,("ver-jeer")
Vesta,("VES-tuh")
Vesti la giubba,("VES-tee lah JOO-buh")
Vicomte of Bragelonne,("VEE-kont of BRA-juh-lin")
vielleicht,("fee-LIKED")
Vienne,("vee-EHN")
Viennois,("VIN-wah")
Vientiane,("vee-en-tee-AHN")
View of Toledo,("toh-LAY-doh")
Vilcabamba,("veel-cah-BAHM-bah")
Villa Savoye,("VEE-lah SAHV-wah")
Villaret,("vee-yuh-RAY")
Villeneuve,("VEE-nuv")
Villiers,("VEEL-yay")
Vinata,("vin-AH-ta")
Vincente Cordova,("CORE-doh-vuh")
Vipunen,("VEE-poo-nen")
Viracocha,("VEER-ah-COH-chuh")
Virunga,("veer-OON-guh")
Vis,("VEESS")
viscacha,("vees-CAH-chuh")
viscount,("VAI-count")
Vitebsk,("vih-TEBSK")
vitelline,("vai-TELL-in")
vivax,("VAI-vax")
Vladimir Nabokov,("vlaa-DEE-mur nah-BOH-kawv")
Vlora,("vuh-LORE-uh")
Vltava,("vol-TAH-vuh")
Vo Nyugen Giap,("VOH nuh-WIN JAHP")
Voivode,("vah-voyd")
Vojvodina,("VOY-vuh-dee-nuh")
Völsunga,("VOL-sun-guh")
Voluspa,("vuh-LUSS-puh")
von Dideritz,("DEE-duh-ritz")
von Falkenhorst,("FALL-ken-horst")
von Heydebreck,("high-duh-BRECK")
von Moltke,("MOLT-cuh")
von Tirpitz,("TURR-pits")
Vosges,("VOO-juh")
Vox Clamantis,("VOCKS cluh-MAHN-tiss")
Vox in Excelsio,("VOCKS in eck-SEL-see-oh")
VSEPR,("vesper")
Vyasa,("vee-AAS-uh")
W.E.B. Du Bois,("doo BOYZ")
Waimea,("wai-MAY-uh")
Waitangi,("why-TONG-ghee")
Waitemata,("WAI-teh-MAH-tah")
Wakan,("WAHK-ahn")
Wallachian,("wuh-LAY-kee-un")
Wallonia,("wuh-LOH-nee-uh")
Walpurgisnacht,("wahl-PUR-ges-nokt")
Walter Bagehot,("BAA-jet")
Walter Devereux,("DEH-vuh-roh")
Walter Rathenau,("VAHL-ter RAH-tuh-now")
Walter Ulbricht,("VAHL-tur ool-BRIKT")
Wananikwe,("wah-nuh-NIK-way")
Wang Mang,("WONG MONG")
War of Chioggia,("KYO-juh")
warfarin,("WAR-fuh-rin")
Wartburg,("VORT-burg")
Weimar,("VAI-mar")
Weiss,("VICE")
Wendigo,("WIN-dee-go")
Westphalia,("west-FAIL-yuh")
Wetzel,("VET-sul")
Whaitiri,("why-TEE-ree")
Wien's Law,("VEENS")
Wilhelm Brasse,("VIL-helm BRAH-seh")
Wilhelm Meister,("VILL-helm MAI-ster")
Willendorf,("VIL-un-dorf")
William Butler Yeats,("YATES")
Winterreise,("vin-tur-AI-suh")
Witenagemot,("WIT-ehn-AH-gey-mott")
Witte,("VIT-uh")
Witwatersrand,("vit-VOT-erz-rond")
Wodziwob,("WOD-zee-wob")
Woese,("woes")
Wojtyla,("voy-TEE-lah")
wolpertinger,("VOLE-per-ting-gur")
Wovoka,("woh-VOH-kuh")
wu-wei,("WOO-way")
wudu,("WOO-doo")
Xade,("cha-DAY")
Xanadu,("ZAA-nuh-doo")
Xanthelasma palpabrum,("ZAN-thuh-LASS-muh PAL-puh-BRAY-rum")
Xanthippe,("zanth-IP-ee")
Xanthippus,("zan-THIP-iss")
Xbalanque,("shee-buh-LAHN-kay")
XCORR,("ECKS-core")
Xeer,("HEER")
Xenophon,("ZEE-nuhf-on")
Xenu,("ZEE-noo")
xeric,("ZEE-rik")
xeroderma,("ZEE-roh-der-muh")
Xerxes,("ZERK-seez")
Xevioso,("he-VEE-oh-soh")
Xhosa,("KOH-suh")
Xi'an,("SHEE-ahn")
Xia,("SHEE-uh")
Xibalba,("sheh-BALL-buh")
Xin,("sheen")
Xinhai,("SHIN-hai")
Xinhua,("SHIN-wah")
Xinjiang,("SHIN-jahng")
Xiomara,("sho-MAH-ruh")
Xiongnu,("shong-NU")
Xiphares,("zi-FARE-ees")
Xiufu,("SHOO-foo")
Xiuquan,("shee-KWAN")
Xolotl,("shuh-LOT-ul")
Xuanzang,("SHWAN-zong")
Xueliang,("shoe-AY-lee-ahng")
xylem,("ZAI-lum")
Yaaru,("YAH-roo")
Yajur,("YAH-jer")
Yaque del Norte,("YAH-kay del NOR-tay")
Ybor,("EE-bor")
Years of Lead,("LED")
yeísmo,("yeh-EES-moh")
Yemelyan Pugachev,("ee-MAHL-yahn POOG-ah-chahv")
yeoman,("YOH-mun")
Yermak,("YAIR-mock")
Yggdrasil,("IG-druh-sil")
Yirgachefe,("irga-CHEF-ay")
ylide,("ILL-id")
Ylvis,("ILL-viss")
Ymir,("IM-eer")
Yoknapatawpha,("YOK-nuh-puh-TAW-fuh")
Yom Kippur,("yahm kee-POOR")
Yonatan,("yoh-nah-TAHN")
Yongle,("YONG-lay")
Yonville,("yon-VEEL")
yoshon,("yoh-SHAHN")
Youliang,("yo-LONG")
Young Werther,("VAIR-ter")
Yoweri Museveni,("YOW-er-ee moo-suh-VAIN-ee")
Ypiranga,("EEP-ee-ron-guh")
Ypres,("EEP-ruh")
Yreka,("why-REE-kuh")
Ysbaddaden,("EES-buh-DA-den")
Yu Tsun,("SUN")
Yuan,("WAHN")
Yudhisthira,("yoo-diss-TEE-ruh")
Yukar,("YOO-car")
Yunnan,("you-nahn")
Yuri Gagarin,("guh-GAHR-in")
Yuuzhan Vong,("YOU-zahn-vong")
Yuwipi,("yoo-WIH-pee")
Zabrak,("ZAA-braak")
Zagwe,("ZAHG-way")
Zambezi,("zam-BEE-zee")
Zamora,("zah-MORE-uh")
Zapotes,("zah-POH-tays")
Zaydis,("ZAY-deez")
Zdena,("zuh-DAY-nuh")
zemschina,("zem-SHEE-nuh")
zemstvo,("ZEMST-vuh")
Zeno of Citium,("SEE-tee-um")
Zenocrate,("zee-NAH-kruh-tay")
zeolite,("ZEE-oh-lite")
Zetas,("ZAY-tuhz")
Zeus,("zoos")
Zheng He,("jung HA")
Zhou,("joe")
Zipporah,("zip-OR-ah")
Zoltan Kodály,("ZOHL-tahn KOH-dye")
zona pellucida,("pell-OO-sid-uh")
Zuhr,("DOO-ur")
Zulfikar Ali Bhutto,("ZUL-fee-car AH-lee BUH-toh")
zvezda,("zuh-VEZ-duh")
zygote,("ZAI-goat")
Zyraxes,("zai-RACK-seez")
